{"optionChains":[{"strikePrice":1785000,"callOption":{"open":0,"high":0,"low":0,"close":1781.9,"ltp":1914.4,"dayChange":132.5,"dayChangePerc":7.435883046186655,"lowPriceRange":1171.65,"highPriceRange":2586.15,"volume":0,"lowTradeRange":1031.85,"highTradeRange":2407.6,"totalBuyQty":4450,"totalSellQty":4450,"openInterest":0,"prevOpenInterest":0,"lastTradeQty":0,"lastTradeTime":1690950596,"growwContractId":"NIFTY2381017850CE","contractDisplayName":"NIFTY 10 Aug '23 - 17850 Call","longDisplayName":"NIFTY 10 Aug 17850 Call","token":"47742","marketLot":50,"exchange":"NSE"},"putOption":{"open":2.15,"high":2.45,"low":1.55,"close":2.15,"ltp":2.1,"dayChange":-0.04999999999999982,"dayChangePerc":-2.3255813953488293,"lowPriceRange":0.05,"highPriceRange":12.85,"volume":39000,"lowTradeRange":0.05,"highTradeRange":21.9,"totalBuyQty":27000,"totalSellQty":24050,"openInterest":527,"prevOpenInterest":279,"lastTradeQty":50,"lastTradeTime":1690950596,"growwContractId":"NIFTY2381017850PE","contractDisplayName":"NIFTY 10 Aug '23 - 17850 Put","longDisplayName":"NIFTY 10 Aug 17850 Put","token":"47743","marketLot":50,"exchange":"NSE"}},{"strikePrice":1790000,"callOption":{"open":0,"high":0,"low":0,"close":1830,"ltp":1864.5,"dayChange":34.5,"dayChangePerc":1.8852459016393444,"lowPriceRange":1122.15,"highPriceRange":2536.25,"volume":0,"lowTradeRange":1002,"highTradeRange":2337.95,"totalBuyQty":4450,"totalSellQty":4450,"openInterest":3,"prevOpenInterest":3,"lastTradeQty":50,"lastTradeTime":1690950596,"growwContractId":"NIFTY2381017900CE","contractDisplayName":"NIFTY 10 Aug '23 - 17900 Call","longDisplayName":"NIFTY 10 Aug 17900 Call","token":"47744","marketLot":50,"exchange":"NSE"},"putOption":{"open":2.2,"high":2.45,"low":1.65,"close":2.1,"ltp":2.45,"dayChange":0.3500000000000001,"dayChangePerc":16.66666666666667,"lowPriceRange":0.05,"highPriceRange":12.9,"volume":16850,"lowTradeRange":0.05,"highTradeRange":22.45,"totalBuyQty":29150,"totalSellQty":20850,"openInterest":145,"prevOpenInterest":70,"lastTradeQty":50,"lastTradeTime":1690950598,"growwContractId":"NIFTY2381017900PE","contractDisplayName":"NIFTY 10 Aug '23 - 17900 Put","longDisplayName":"NIFTY 10 Aug 17900 Put","token":"47746","marketLot":50,"exchange":"NSE"}},{"strikePrice":1795000,"callOption":{"open":0,"high":0,"low":0,"close":1686.5,"ltp":1814.6,"dayChange":128.0999999999999,"dayChangePerc":7.595612214645711,"lowPriceRange":1072.7,"highPriceRange":2486.35,"volume":0,"lowTradeRange":958.9,"highTradeRange":2237.45,"totalBuyQty":4250,"totalSellQty":4250,"openInterest":0,"prevOpenInterest":0,"lastTradeQty":0,"lastTradeTime":1690950598,"growwContractId":"NIFTY2381017950CE","contractDisplayName":"NIFTY 10 Aug '23 - 17950 Call","longDisplayName":"NIFTY 10 Aug 17950 Call","token":"47748","marketLot":50,"exchange":"NSE"},"putOption":{"open":1.8,"high":2.9,"low":1.7,"close":1.9,"ltp":2.65,"dayChange":0.75,"dayChangePerc":39.473684210526315,"lowPriceRange":0.05,"highPriceRange":3.05,"volume":14800,"lowTradeRange":0.05,"highTradeRange":22.65,"totalBuyQty":99100,"totalSellQty":1850,"openInterest":203,"prevOpenInterest":53,"lastTradeQty":200,"lastTradeTime":1690950587,"growwContractId":"NIFTY2381017950PE","contractDisplayName":"NIFTY 10 Aug '23 - 17950 Put","longDisplayName":"NIFTY 10 Aug 17950 Put","token":"47749","marketLot":50,"exchange":"NSE"}},{"strikePrice":1800000,"callOption":{"open":1674.1,"high":1674.1,"low":1460,"close":1750,"ltp":1540,"dayChange":-210,"dayChangePerc":-12,"lowPriceRange":992.95,"highPriceRange":2421.7,"volume":3850,"lowTradeRange":943.2,"highTradeRange":2200.8,"totalBuyQty":6450,"totalSellQty":3050,"openInterest":119,"prevOpenInterest":53,"lastTradeQty":50,"lastTradeTime":1690950599,"growwContractId":"NIFTY2381018000CE","contractDisplayName":"NIFTY 10 Aug '23 - 18000 Call","longDisplayName":"NIFTY 10 Aug 18000 Call","token":"47754","marketLot":50,"exchange":"NSE"},"putOption":{"open":2.65,"high":3.05,"low":1.85,"close":2.6,"ltp":2.45,"dayChange":-0.1499999999999999,"dayChangePerc":-5.769230769230766,"lowPriceRange":0.05,"highPriceRange":15.7,"volume":1874650,"lowTradeRange":0.05,"highTradeRange":22.45,"totalBuyQty":39450,"totalSellQty":16400,"openInterest":19339,"prevOpenInterest":6285,"lastTradeQty":50,"lastTradeTime":1690950598,"growwContractId":"NIFTY2381018000PE","contractDisplayName":"NIFTY 10 Aug '23 - 18000 Put","longDisplayName":"NIFTY 10 Aug 18000 Put","token":"47755","marketLot":50,"exchange":"NSE"}},{"strikePrice":1805000,"callOption":{"open":1590,"high":1590,"low":1590,"close":1592.15,"ltp":1590,"dayChange":-2.150000000000091,"dayChangePerc":-0.1350375278711234,"lowPriceRange":973.7,"highPriceRange":2386.45,"volume":50,"lowTradeRange":914.75,"highTradeRange":2134.4,"totalBuyQty":2750,"totalSellQty":4250,"openInterest":0,"prevOpenInterest":0,"lastTradeQty":50,"lastTradeTime":1690950598,"growwContractId":"NIFTY2381018050CE","contractDisplayName":"NIFTY 10 Aug '23 - 18050 Call","longDisplayName":"NIFTY 10 Aug 18050 Call","token":"47756","marketLot":50,"exchange":"NSE"},"putOption":{"open":1.8,"high":5.8,"low":1.75,"close":2.5,"ltp":2.6,"dayChange":0.10000000000000009,"dayChangePerc":4.0000000000000036,"lowPriceRange":0.05,"highPriceRange":15.65,"volume":20750,"lowTradeRange":0.05,"highTradeRange":22.6,"totalBuyQty":21950,"totalSellQty":12750,"openInterest":107,"prevOpenInterest":114,"lastTradeQty":100,"lastTradeTime":1690950598,"growwContractId":"NIFTY2381018050PE","contractDisplayName":"NIFTY 10 Aug '23 - 18050 Put","longDisplayName":"NIFTY 10 Aug 18050 Put","token":"47757","marketLot":50,"exchange":"NSE"}},{"strikePrice":1810000,"callOption":{"open":0,"high":0,"low":0,"close":1545.4,"ltp":1664.85,"dayChange":119.44999999999982,"dayChangePerc":7.7293904490746606,"lowPriceRange":924.3,"highPriceRange":2336.45,"volume":0,"lowTradeRange":869.3,"highTradeRange":2028.35,"totalBuyQty":4800,"totalSellQty":3300,"openInterest":0,"prevOpenInterest":0,"lastTradeQty":0,"lastTradeTime":1690950598,"growwContractId":"NIFTY2381018100CE","contractDisplayName":"NIFTY 10 Aug '23 - 18100 Call","longDisplayName":"NIFTY 10 Aug 18100 Call","token":"47758","marketLot":50,"exchange":"NSE"},"putOption":{"open":2.8,"high":3.75,"low":1.65,"close":2.85,"ltp":2.6,"dayChange":-0.25,"dayChangePerc":-8.771929824561402,"lowPriceRange":0.05,"highPriceRange":17.55,"volume":68500,"lowTradeRange":0.05,"highTradeRange":22.5,"totalBuyQty":21050,"totalSellQty":12600,"openInterest":420,"prevOpenInterest":262,"lastTradeQty":50,"lastTradeTime":1690950598,"growwContractId":"NIFTY2381018100PE","contractDisplayName":"NIFTY 10 Aug '23 - 18100 Put","longDisplayName":"NIFTY 10 Aug 18100 Put","token":"47759","marketLot":50,"exchange":"NSE"}},{"strikePrice":1815000,"callOption":{"open":0,"high":0,"low":0,"close":1550,"ltp":1614.95,"dayChange":64.95000000000005,"dayChangePerc":4.190322580645164,"lowPriceRange":875,"highPriceRange":2286.5,"volume":0,"lowTradeRange":839.45,"highTradeRange":1958.7,"totalBuyQty":3300,"totalSellQty":3300,"openInterest":1,"prevOpenInterest":1,"lastTradeQty":50,"lastTradeTime":1690950598,"growwContractId":"NIFTY2381018150CE","contractDisplayName":"NIFTY 10 Aug '23 - 18150 Call","longDisplayName":"NIFTY 10 Aug 18150 Call","token":"47760","marketLot":50,"exchange":"NSE"},"putOption":{"open":1.8,"high":3.3,"low":1.8,"close":2.85,"ltp":2.75,"dayChange":-0.10000000000000009,"dayChangePerc":-3.5087719298245648,"lowPriceRange":0.05,"highPriceRange":18,"volume":16400,"lowTradeRange":0.05,"highTradeRange":22.75,"totalBuyQty":18250,"totalSellQty":13050,"openInterest":66,"prevOpenInterest":49,"lastTradeQty":50,"lastTradeTime":1690950598,"growwContractId":"NIFTY2381018150PE","contractDisplayName":"NIFTY 10 Aug '23 - 18150 Put","longDisplayName":"NIFTY 10 Aug 18150 Put","token":"47762","marketLot":50,"exchange":"NSE"}},{"strikePrice":1820000,"callOption":{"open":1375,"high":1375,"low":1375,"close":1590,"ltp":1375,"dayChange":-215,"dayChangePerc":-13.522012578616351,"lowPriceRange":825.9,"highPriceRange":2236.5,"volume":50,"lowTradeRange":822.3,"highTradeRange":1918.7,"totalBuyQty":4250,"totalSellQty":2750,"openInterest":1,"prevOpenInterest":1,"lastTradeQty":50,"lastTradeTime":1690950598,"growwContractId":"NIFTY2381018200CE","contractDisplayName":"NIFTY 10 Aug '23 - 18200 Call","longDisplayName":"NIFTY 10 Aug 18200 Call","token":"47763","marketLot":50,"exchange":"NSE"},"putOption":{"open":2.2,"high":3.6,"low":1.95,"close":2.45,"ltp":2.9,"dayChange":0.44999999999999973,"dayChangePerc":18.367346938775498,"lowPriceRange":0.05,"highPriceRange":16.6,"volume":217300,"lowTradeRange":0.05,"highTradeRange":22.9,"totalBuyQty":24300,"totalSellQty":13550,"openInterest":677,"prevOpenInterest":479,"lastTradeQty":100,"lastTradeTime":1690950598,"growwContractId":"NIFTY2381018200PE","contractDisplayName":"NIFTY 10 Aug '23 - 18200 Put","longDisplayName":"NIFTY 10 Aug 18200 Put","token":"47765","marketLot":50,"exchange":"NSE"}},{"strikePrice":1825000,"callOption":{"open":1400,"high":1400,"low":1400,"close":1407.2,"ltp":1400,"dayChange":-7.2000000000000455,"dayChangePerc":-0.5116543490619703,"lowPriceRange":776.6,"highPriceRange":2186.4,"volume":50,"lowTradeRange":793.05,"highTradeRange":1850.45,"totalBuyQty":2750,"totalSellQty":2750,"openInterest":0,"prevOpenInterest":0,"lastTradeQty":50,"lastTradeTime":1690950596,"growwContractId":"NIFTY2381018250CE","contractDisplayName":"NIFTY 10 Aug '23 - 18250 Call","longDisplayName":"NIFTY 10 Aug 18250 Call","token":"47767","marketLot":50,"exchange":"NSE"},"putOption":{"open":2.25,"high":4,"low":2,"close":2.5,"ltp":3,"dayChange":0.5,"dayChangePerc":20,"lowPriceRange":0.05,"highPriceRange":17.3,"volume":31050,"lowTradeRange":0.05,"highTradeRange":23.1,"totalBuyQty":21950,"totalSellQty":12600,"openInterest":95,"prevOpenInterest":31,"lastTradeQty":100,"lastTradeTime":1690950598,"growwContractId":"NIFTY2381018250PE","contractDisplayName":"NIFTY 10 Aug '23 - 18250 Put","longDisplayName":"NIFTY 10 Aug 18250 Put","token":"47768","marketLot":50,"exchange":"NSE"}},{"strikePrice":1830000,"callOption":{"open":1275,"high":1275,"low":1170,"close":1361.9,"ltp":1215,"dayChange":-146.9000000000001,"dayChangePerc":-10.786401351053682,"lowPriceRange":727.6,"highPriceRange":2136.35,"volume":300,"lowTradeRange":762.3,"highTradeRange":1778.65,"totalBuyQty":4950,"totalSellQty":3500,"openInterest":3,"prevOpenInterest":0,"lastTradeQty":50,"lastTradeTime":1690950598,"growwContractId":"NIFTY2381018300CE","contractDisplayName":"NIFTY 10 Aug '23 - 18300 Call","longDisplayName":"NIFTY 10 Aug 18300 Call","token":"47769","marketLot":50,"exchange":"NSE"},"putOption":{"open":2.35,"high":4.4,"low":2.2,"close":2.5,"ltp":2.95,"dayChange":0.4500000000000002,"dayChangePerc":18.000000000000007,"lowPriceRange":0.05,"highPriceRange":17.8,"volume":189350,"lowTradeRange":0.05,"highTradeRange":23.05,"totalBuyQty":26250,"totalSellQty":15400,"openInterest":1446,"prevOpenInterest":1205,"lastTradeQty":50,"lastTradeTime":1690950598,"growwContractId":"NIFTY2381018300PE","contractDisplayName":"NIFTY 10 Aug '23 - 18300 Put","longDisplayName":"NIFTY 10 Aug 18300 Put","token":"47770","marketLot":50,"exchange":"NSE"}},{"strikePrice":1835000,"callOption":{"open":0,"high":0,"low":0,"close":1317.05,"ltp":1415.5,"dayChange":98.45000000000005,"dayChangePerc":7.475038912721617,"lowPriceRange":678.65,"highPriceRange":2086.15,"volume":0,"lowTradeRange":720.3,"highTradeRange":1680.7,"totalBuyQty":4250,"totalSellQty":4250,"openInterest":0,"prevOpenInterest":0,"lastTradeQty":0,"lastTradeTime":1690950598,"growwContractId":"NIFTY2381018350CE","contractDisplayName":"NIFTY 10 Aug '23 - 18350 Call","longDisplayName":"NIFTY 10 Aug 18350 Call","token":"47771","marketLot":50,"exchange":"NSE"},"putOption":{"open":2.2,"high":4.8,"low":2.2,"close":2.45,"ltp":3.2,"dayChange":0.75,"dayChangePerc":30.61224489795918,"lowPriceRange":0.05,"highPriceRange":18.1,"volume":67350,"lowTradeRange":0.05,"highTradeRange":23.2,"totalBuyQty":24050,"totalSellQty":12650,"openInterest":136,"prevOpenInterest":81,"lastTradeQty":50,"lastTradeTime":1690950597,"growwContractId":"NIFTY2381018350PE","contractDisplayName":"NIFTY 10 Aug '23 - 18350 Put","longDisplayName":"NIFTY 10 Aug 18350 Put","token":"47772","marketLot":50,"exchange":"NSE"}},{"strikePrice":1840000,"callOption":{"open":1143.8,"high":1170,"low":1090,"close":1272.65,"ltp":1129,"dayChange":-143.6500000000001,"dayChangePerc":-11.287471025026525,"lowPriceRange":630,"highPriceRange":2035.9,"volume":3100,"lowTradeRange":703.05,"highTradeRange":1640.45,"totalBuyQty":4250,"totalSellQty":4150,"openInterest":60,"prevOpenInterest":0,"lastTradeQty":100,"lastTradeTime":1690950598,"growwContractId":"NIFTY2381018400CE","contractDisplayName":"NIFTY 10 Aug '23 - 18400 Call","longDisplayName":"NIFTY 10 Aug 18400 Call","token":"47773","marketLot":50,"exchange":"NSE"},"putOption":{"open":2.9,"high":5.05,"low":2.15,"close":2.5,"ltp":2.65,"dayChange":0.1499999999999999,"dayChangePerc":5.9999999999999964,"lowPriceRange":0.05,"highPriceRange":18.9,"volume":232750,"lowTradeRange":0.05,"highTradeRange":23.3,"totalBuyQty":27300,"totalSellQty":13050,"openInterest":1197,"prevOpenInterest":375,"lastTradeQty":50,"lastTradeTime":1690950596,"growwContractId":"NIFTY2381018400PE","contractDisplayName":"NIFTY 10 Aug '23 - 18400 Put","longDisplayName":"NIFTY 10 Aug 18400 Put","token":"47774","marketLot":50,"exchange":"NSE"}},{"strikePrice":1845000,"callOption":{"open":1175,"high":1175,"low":1175,"close":1228.7,"ltp":1175,"dayChange":-53.700000000000045,"dayChangePerc":-4.370472857491661,"lowPriceRange":581.6,"highPriceRange":1985.5,"volume":50,"lowTradeRange":677.8,"highTradeRange":1581.55,"totalBuyQty":5250,"totalSellQty":5250,"openInterest":0,"prevOpenInterest":0,"lastTradeQty":50,"lastTradeTime":1690950597,"growwContractId":"NIFTY2381018450CE","contractDisplayName":"NIFTY 10 Aug '23 - 18450 Call","longDisplayName":"NIFTY 10 Aug 18450 Call","token":"47778","marketLot":50,"exchange":"NSE"},"putOption":{"open":2.7,"high":5.3,"low":2,"close":3.2,"ltp":3.35,"dayChange":0.1499999999999999,"dayChangePerc":4.687499999999997,"lowPriceRange":0.2,"highPriceRange":23.05,"volume":39950,"lowTradeRange":0.05,"highTradeRange":23.35,"totalBuyQty":29900,"totalSellQty":12700,"openInterest":198,"prevOpenInterest":60,"lastTradeQty":50,"lastTradeTime":1690950597,"growwContractId":"NIFTY2381018450PE","contractDisplayName":"NIFTY 10 Aug '23 - 18450 Put","longDisplayName":"NIFTY 10 Aug 18450 Put","token":"47779","marketLot":50,"exchange":"NSE"}},{"strikePrice":1850000,"callOption":{"open":1200,"high":1200,"low":965,"close":1248.05,"ltp":1038.1,"dayChange":-209.95000000000005,"dayChangePerc":-16.822242698609834,"lowPriceRange":533.55,"highPriceRange":1934.95,"volume":3500,"lowTradeRange":622.9,"highTradeRange":1453.35,"totalBuyQty":5200,"totalSellQty":4550,"openInterest":97,"prevOpenInterest":52,"lastTradeQty":100,"lastTradeTime":1690950583,"growwContractId":"NIFTY2381018500CE","contractDisplayName":"NIFTY 10 Aug '23 - 18500 Call","longDisplayName":"NIFTY 10 Aug 18500 Call","token":"47783","marketLot":50,"exchange":"NSE"},"putOption":{"open":3.2,"high":5.8,"low":2.35,"close":2.8,"ltp":3.5,"dayChange":0.7000000000000002,"dayChangePerc":25.000000000000007,"lowPriceRange":0.05,"highPriceRange":21.75,"volume":1297350,"lowTradeRange":0.05,"highTradeRange":23.6,"totalBuyQty":51750,"totalSellQty":17600,"openInterest":6826,"prevOpenInterest":3588,"lastTradeQty":100,"lastTradeTime":1690950597,"growwContractId":"NIFTY2381018500PE","contractDisplayName":"NIFTY 10 Aug '23 - 18500 Put","longDisplayName":"NIFTY 10 Aug 18500 Put","token":"47789","marketLot":50,"exchange":"NSE"}},{"strikePrice":1855000,"callOption":{"open":1059.35,"high":1109,"low":919,"close":1142.5,"ltp":919,"dayChange":-223.5,"dayChangePerc":-19.562363238512035,"lowPriceRange":485.8,"highPriceRange":1884.25,"volume":400,"lowTradeRange":603,"highTradeRange":1407,"totalBuyQty":4250,"totalSellQty":4300,"openInterest":7,"prevOpenInterest":0,"lastTradeQty":50,"lastTradeTime":1690950597,"growwContractId":"NIFTY2381018550CE","contractDisplayName":"NIFTY 10 Aug '23 - 18550 Call","longDisplayName":"NIFTY 10 Aug 18550 Call","token":"47790","marketLot":50,"exchange":"NSE"},"putOption":{"open":3.4,"high":6.15,"low":2.7,"close":3.15,"ltp":3.9,"dayChange":0.75,"dayChangePerc":23.80952380952381,"lowPriceRange":0.05,"highPriceRange":24.35,"volume":109350,"lowTradeRange":0.05,"highTradeRange":23.9,"totalBuyQty":25650,"totalSellQty":3650,"openInterest":282,"prevOpenInterest":55,"lastTradeQty":50,"lastTradeTime":1690950597,"growwContractId":"NIFTY2381018550PE","contractDisplayName":"NIFTY 10 Aug '23 - 18550 Put","longDisplayName":"NIFTY 10 Aug 18550 Put","token":"47799","marketLot":50,"exchange":"NSE"}},{"strikePrice":1860000,"callOption":{"open":970,"high":974,"low":887,"close":1138.8,"ltp":919,"dayChange":-219.79999999999995,"dayChangePerc":-19.301018616087106,"lowPriceRange":391.4,"highPriceRange":1805.05,"volume":1550,"lowTradeRange":580.1,"highTradeRange":1353.55,"totalBuyQty":5200,"totalSellQty":3350,"openInterest":257,"prevOpenInterest":234,"lastTradeQty":50,"lastTradeTime":1690950583,"growwContractId":"NIFTY2381018600CE","contractDisplayName":"NIFTY 10 Aug '23 - 18600 Call","longDisplayName":"NIFTY 10 Aug 18600 Call","token":"47802","marketLot":50,"exchange":"NSE"},"putOption":{"open":3.55,"high":7.1,"low":2.75,"close":3.2,"ltp":4.15,"dayChange":0.9500000000000002,"dayChangePerc":29.687500000000007,"lowPriceRange":0.05,"highPriceRange":25.5,"volume":609000,"lowTradeRange":0.05,"highTradeRange":24.3,"totalBuyQty":28750,"totalSellQty":4200,"openInterest":2243,"prevOpenInterest":1234,"lastTradeQty":50,"lastTradeTime":1690950597,"growwContractId":"NIFTY2381018600PE","contractDisplayName":"NIFTY 10 Aug '23 - 18600 Put","longDisplayName":"NIFTY 10 Aug 18600 Put","token":"47803","marketLot":50,"exchange":"NSE"}},{"strikePrice":1865000,"callOption":{"open":0,"high":0,"low":0,"close":1063,"ltp":1117.7,"dayChange":54.700000000000045,"dayChangePerc":5.14581373471308,"lowPriceRange":392.5,"highPriceRange":1782.1,"volume":0,"lowTradeRange":556.45,"highTradeRange":1298.3,"totalBuyQty":4250,"totalSellQty":4250,"openInterest":2,"prevOpenInterest":2,"lastTradeQty":100,"lastTradeTime":1690950597,"growwContractId":"NIFTY2381018650CE","contractDisplayName":"NIFTY 10 Aug '23 - 18650 Call","longDisplayName":"NIFTY 10 Aug 18650 Call","token":"47804","marketLot":50,"exchange":"NSE"},"putOption":{"open":3.6,"high":7.85,"low":3.25,"close":3.65,"ltp":4.85,"dayChange":1.1999999999999997,"dayChangePerc":32.87671232876711,"lowPriceRange":0.05,"highPriceRange":28.85,"volume":438250,"lowTradeRange":0.05,"highTradeRange":24.9,"totalBuyQty":25250,"totalSellQty":3550,"openInterest":1946,"prevOpenInterest":67,"lastTradeQty":50,"lastTradeTime":1690950597,"growwContractId":"NIFTY2381018650PE","contractDisplayName":"NIFTY 10 Aug '23 - 18650 Put","longDisplayName":"NIFTY 10 Aug 18650 Put","token":"47805","marketLot":50,"exchange":"NSE"}},{"strikePrice":1870000,"callOption":{"open":970.95,"high":970.95,"low":766.15,"close":1052.25,"ltp":840.1,"dayChange":-212.14999999999998,"dayChangePerc":-20.161558564979803,"lowPriceRange":311.55,"highPriceRange":1714.4,"volume":2450,"lowTradeRange":504.1,"highTradeRange":1176.15,"totalBuyQty":6450,"totalSellQty":4050,"openInterest":68,"prevOpenInterest":25,"lastTradeQty":100,"lastTradeTime":1690950599,"growwContractId":"NIFTY2381018700CE","contractDisplayName":"NIFTY 10 Aug '23 - 18700 Call","longDisplayName":"NIFTY 10 Aug 18700 Call","token":"47806","marketLot":50,"exchange":"NSE"},"putOption":{"open":4.2,"high":8.95,"low":3.55,"close":4,"ltp":5.8,"dayChange":1.7999999999999998,"dayChangePerc":44.99999999999999,"lowPriceRange":0.05,"highPriceRange":31.8,"volume":1709400,"lowTradeRange":0.05,"highTradeRange":25.3,"totalBuyQty":46000,"totalSellQty":18550,"openInterest":8920,"prevOpenInterest":3012,"lastTradeQty":50,"lastTradeTime":1690950599,"growwContractId":"NIFTY2381018700PE","contractDisplayName":"NIFTY 10 Aug '23 - 18700 Put","longDisplayName":"NIFTY 10 Aug 18700 Put","token":"47807","marketLot":50,"exchange":"NSE"}},{"strikePrice":1875000,"callOption":{"open":895.5,"high":895.5,"low":767,"close":935.95,"ltp":767,"dayChange":-168.95000000000005,"dayChangePerc":-18.051177947539937,"lowPriceRange":302.4,"highPriceRange":1678.7,"volume":1050,"lowTradeRange":483.35,"highTradeRange":1127.8,"totalBuyQty":6800,"totalSellQty":6600,"openInterest":16,"prevOpenInterest":5,"lastTradeQty":400,"lastTradeTime":1690950599,"growwContractId":"NIFTY2381018750CE","contractDisplayName":"NIFTY 10 Aug '23 - 18750 Call","longDisplayName":"NIFTY 10 Aug 18750 Call","token":"47808","marketLot":50,"exchange":"NSE"},"putOption":{"open":4.6,"high":10.1,"low":3.55,"close":4.15,"ltp":5.85,"dayChange":1.6999999999999993,"dayChangePerc":40.96385542168673,"lowPriceRange":0.05,"highPriceRange":33.9,"volume":430750,"lowTradeRange":0.05,"highTradeRange":26.05,"totalBuyQty":31750,"totalSellQty":7050,"openInterest":1459,"prevOpenInterest":654,"lastTradeQty":150,"lastTradeTime":1690950597,"growwContractId":"NIFTY2381018750PE","contractDisplayName":"NIFTY 10 Aug '23 - 18750 Put","longDisplayName":"NIFTY 10 Aug 18750 Put","token":"47809","marketLot":50,"exchange":"NSE"}},{"strikePrice":1880000,"callOption":{"open":873.7,"high":873.7,"low":672,"close":966,"ltp":735.4,"dayChange":-230.60000000000002,"dayChangePerc":-23.87163561076605,"lowPriceRange":259.25,"highPriceRange":1626.4,"volume":4550,"lowTradeRange":448.9,"highTradeRange":1047.45,"totalBuyQty":7100,"totalSellQty":5850,"openInterest":169,"prevOpenInterest":87,"lastTradeQty":50,"lastTradeTime":1690950597,"growwContractId":"NIFTY2381018800CE","contractDisplayName":"NIFTY 10 Aug '23 - 18800 Call","longDisplayName":"NIFTY 10 Aug 18800 Call","token":"47812","marketLot":50,"exchange":"NSE"},"putOption":{"open":5.9,"high":11.7,"low":4,"close":4.55,"ltp":7,"dayChange":2.45,"dayChangePerc":53.846153846153854,"lowPriceRange":0.05,"highPriceRange":37.45,"volume":2180100,"lowTradeRange":0.05,"highTradeRange":27,"totalBuyQty":36300,"totalSellQty":11400,"openInterest":11249,"prevOpenInterest":4435,"lastTradeQty":100,"lastTradeTime":1690950599,"growwContractId":"NIFTY2381018800PE","contractDisplayName":"NIFTY 10 Aug '23 - 18800 Put","longDisplayName":"NIFTY 10 Aug 18800 Put","token":"47813","marketLot":50,"exchange":"NSE"}},{"strikePrice":1885000,"callOption":{"open":705.5,"high":705.5,"low":705.5,"close":902.05,"ltp":705.5,"dayChange":-196.54999999999995,"dayChangePerc":-21.789257801673962,"lowPriceRange":178.3,"highPriceRange":1553.45,"volume":50,"lowTradeRange":436.75,"highTradeRange":1019,"totalBuyQty":7100,"totalSellQty":7850,"openInterest":62,"prevOpenInterest":62,"lastTradeQty":50,"lastTradeTime":1690950599,"growwContractId":"NIFTY2381018850CE","contractDisplayName":"NIFTY 10 Aug '23 - 18850 Call","longDisplayName":"NIFTY 10 Aug 18850 Call","token":"47814","marketLot":50,"exchange":"NSE"},"putOption":{"open":6.05,"high":13.85,"low":4.8,"close":5.05,"ltp":8.65,"dayChange":3.6000000000000005,"dayChangePerc":71.2871287128713,"lowPriceRange":0.05,"highPriceRange":41.75,"volume":414750,"lowTradeRange":0.05,"highTradeRange":28.65,"totalBuyQty":22000,"totalSellQty":7650,"openInterest":1808,"prevOpenInterest":538,"lastTradeQty":50,"lastTradeTime":1690950597,"growwContractId":"NIFTY2381018850PE","contractDisplayName":"NIFTY 10 Aug '23 - 18850 Put","longDisplayName":"NIFTY 10 Aug 18850 Put","token":"47817","marketLot":50,"exchange":"NSE"}},{"strikePrice":1890000,"callOption":{"open":775,"high":775,"low":582,"close":854,"ltp":643.7,"dayChange":-210.29999999999995,"dayChangePerc":-24.625292740046834,"lowPriceRange":138.25,"highPriceRange":1500.1,"volume":2750,"lowTradeRange":386.25,"highTradeRange":901.2,"totalBuyQty":7950,"totalSellQty":3750,"openInterest":57,"prevOpenInterest":22,"lastTradeQty":50,"lastTradeTime":1690950599,"growwContractId":"NIFTY2381018900CE","contractDisplayName":"NIFTY 10 Aug '23 - 18900 Call","longDisplayName":"NIFTY 10 Aug 18900 Call","token":"47820","marketLot":50,"exchange":"NSE"},"putOption":{"open":6,"high":16.6,"low":5.55,"close":5.55,"ltp":10.55,"dayChange":5.000000000000001,"dayChangePerc":90.09009009009011,"lowPriceRange":0.05,"highPriceRange":47.05,"volume":2624650,"lowTradeRange":0.05,"highTradeRange":30.45,"totalBuyQty":32650,"totalSellQty":12000,"openInterest":12686,"prevOpenInterest":4752,"lastTradeQty":50,"lastTradeTime":1690950598,"growwContractId":"NIFTY2381018900PE","contractDisplayName":"NIFTY 10 Aug '23 - 18900 Put","longDisplayName":"NIFTY 10 Aug 18900 Put","token":"47821","marketLot":50,"exchange":"NSE"}},{"strikePrice":1895000,"callOption":{"open":727.75,"high":727.75,"low":605.6,"close":825,"ltp":605.6,"dayChange":-219.39999999999998,"dayChangePerc":-26.593939393939394,"lowPriceRange":138.8,"highPriceRange":1466.2,"volume":400,"lowTradeRange":363.4,"highTradeRange":847.85,"totalBuyQty":7400,"totalSellQty":4050,"openInterest":18,"prevOpenInterest":16,"lastTradeQty":50,"lastTradeTime":1690950583,"growwContractId":"NIFTY2381018950CE","contractDisplayName":"NIFTY 10 Aug '23 - 18950 Call","longDisplayName":"NIFTY 10 Aug 18950 Call","token":"47822","marketLot":50,"exchange":"NSE"},"putOption":{"open":6.9,"high":19.3,"low":0.3,"close":6.1,"ltp":12.5,"dayChange":6.4,"dayChangePerc":104.91803278688525,"lowPriceRange":0.05,"highPriceRange":57,"volume":667250,"lowTradeRange":0.05,"highTradeRange":32.5,"totalBuyQty":59450,"totalSellQty":8200,"openInterest":1375,"prevOpenInterest":1033,"lastTradeQty":50,"lastTradeTime":1690950597,"growwContractId":"NIFTY2381018950PE","contractDisplayName":"NIFTY 10 Aug '23 - 18950 Put","longDisplayName":"NIFTY 10 Aug 18950 Put","token":"47823","marketLot":50,"exchange":"NSE"}},{"strikePrice":1900000,"callOption":{"open":704.05,"high":704.05,"low":482.45,"close":757.4,"ltp":550,"dayChange":-207.39999999999998,"dayChangePerc":-27.383152891470818,"lowPriceRange":62.05,"highPriceRange":1389.7,"volume":101800,"lowTradeRange":328.75,"highTradeRange":767.1,"totalBuyQty":9200,"totalSellQty":6150,"openInterest":1139,"prevOpenInterest":618,"lastTradeQty":50,"lastTradeTime":1690950599,"growwContractId":"NIFTY2381019000CE","contractDisplayName":"NIFTY 10 Aug '23 - 19000 Call","longDisplayName":"NIFTY 10 Aug 19000 Call","token":"47824","marketLot":50,"exchange":"NSE"},"putOption":{"open":7.85,"high":23.15,"low":6.75,"close":6.85,"ltp":15.4,"dayChange":8.55,"dayChangePerc":124.81751824817519,"lowPriceRange":0.05,"highPriceRange":68.75,"volume":4950500,"lowTradeRange":0.05,"highTradeRange":35.35,"totalBuyQty":45650,"totalSellQty":51700,"openInterest":22633,"prevOpenInterest":14147,"lastTradeQty":100,"lastTradeTime":1690950599,"growwContractId":"NIFTY2381019000PE","contractDisplayName":"NIFTY 10 Aug '23 - 19000 Put","longDisplayName":"NIFTY 10 Aug 19000 Put","token":"47825","marketLot":50,"exchange":"NSE"}},{"strikePrice":1905000,"callOption":{"open":0,"high":0,"low":0,"close":736.2,"ltp":732.85,"dayChange":-3.3500000000000227,"dayChangePerc":-0.45503939146971234,"lowPriceRange":68.1,"highPriceRange":1356.35,"volume":0,"lowTradeRange":334.95,"highTradeRange":781.5,"totalBuyQty":8150,"totalSellQty":9450,"openInterest":54,"prevOpenInterest":54,"lastTradeQty":50,"lastTradeTime":1690950595,"growwContractId":"NIFTY2381019050CE","contractDisplayName":"NIFTY 10 Aug '23 - 19050 Call","longDisplayName":"NIFTY 10 Aug 19050 Call","token":"47826","marketLot":50,"exchange":"NSE"},"putOption":{"open":8.25,"high":27.1,"low":6.95,"close":7.45,"ltp":17.75,"dayChange":10.3,"dayChangePerc":138.25503355704697,"lowPriceRange":0.05,"highPriceRange":82,"volume":932350,"lowTradeRange":0.05,"highTradeRange":38.45,"totalBuyQty":29550,"totalSellQty":7300,"openInterest":2179,"prevOpenInterest":1622,"lastTradeQty":50,"lastTradeTime":1690950599,"growwContractId":"NIFTY2381019050PE","contractDisplayName":"NIFTY 10 Aug '23 - 19050 Put","longDisplayName":"NIFTY 10 Aug 19050 Put","token":"47827","marketLot":50,"exchange":"NSE"}},{"strikePrice":1910000,"callOption":{"open":556,"high":562,"low":392.6,"close":658,"ltp":451.6,"dayChange":-206.39999999999998,"dayChangePerc":-31.367781155015194,"lowPriceRange":0.05,"highPriceRange":1271.3,"volume":27350,"lowTradeRange":275.7,"highTradeRange":643.3,"totalBuyQty":11050,"totalSellQty":7600,"openInterest":264,"prevOpenInterest":102,"lastTradeQty":100,"lastTradeTime":1690950595,"growwContractId":"NIFTY2381019100CE","contractDisplayName":"NIFTY 10 Aug '23 - 19100 Call","longDisplayName":"NIFTY 10 Aug 19100 Call","token":"47828","marketLot":50,"exchange":"NSE"},"putOption":{"open":9.3,"high":32.6,"low":9.1,"close":7.9,"ltp":21.7,"dayChange":13.799999999999999,"dayChangePerc":174.68354430379745,"lowPriceRange":0.05,"highPriceRange":96.85,"volume":3325650,"lowTradeRange":2.5,"highTradeRange":42.5,"totalBuyQty":44050,"totalSellQty":10400,"openInterest":12383,"prevOpenInterest":6351,"lastTradeQty":300,"lastTradeTime":1690950599,"growwContractId":"NIFTY2381019100PE","contractDisplayName":"NIFTY 10 Aug '23 - 19100 Put","longDisplayName":"NIFTY 10 Aug 19100 Put","token":"47829","marketLot":50,"exchange":"NSE"}},{"strikePrice":1915000,"callOption":{"open":530,"high":530,"low":350.3,"close":612.1,"ltp":425.4,"dayChange":-186.70000000000005,"dayChangePerc":-30.501552033981383,"lowPriceRange":6.9,"highPriceRange":1243.8,"volume":7450,"lowTradeRange":255.25,"highTradeRange":595.6,"totalBuyQty":13350,"totalSellQty":9550,"openInterest":142,"prevOpenInterest":105,"lastTradeQty":100,"lastTradeTime":1690950599,"growwContractId":"NIFTY2381019150CE","contractDisplayName":"NIFTY 10 Aug '23 - 19150 Call","longDisplayName":"NIFTY 10 Aug 19150 Call","token":"47830","marketLot":50,"exchange":"NSE"},"putOption":{"open":10.55,"high":39.6,"low":10.55,"close":9,"ltp":27.3,"dayChange":18.3,"dayChangePerc":203.33333333333331,"lowPriceRange":0.05,"highPriceRange":114.15,"volume":1706400,"lowTradeRange":7.25,"highTradeRange":47.25,"totalBuyQty":30950,"totalSellQty":6700,"openInterest":3984,"prevOpenInterest":2597,"lastTradeQty":300,"lastTradeTime":1690950599,"growwContractId":"NIFTY2381019150PE","contractDisplayName":"NIFTY 10 Aug '23 - 19150 Put","longDisplayName":"NIFTY 10 Aug 19150 Put","token":"47833","marketLot":50,"exchange":"NSE"}},{"strikePrice":1920000,"callOption":{"open":493.45,"high":493.45,"low":307.4,"close":562.85,"ltp":364,"dayChange":-198.85000000000002,"dayChangePerc":-35.32912854224038,"lowPriceRange":0.05,"highPriceRange":1151.25,"volume":285450,"lowTradeRange":220.2,"highTradeRange":513.8,"totalBuyQty":13950,"totalSellQty":7800,"openInterest":1569,"prevOpenInterest":567,"lastTradeQty":50,"lastTradeTime":1690950599,"growwContractId":"NIFTY2381019200CE","contractDisplayName":"NIFTY 10 Aug '23 - 19200 Call","longDisplayName":"NIFTY 10 Aug 19200 Call","token":"47836","marketLot":50,"exchange":"NSE"},"putOption":{"open":10.6,"high":48.55,"low":10.5,"close":10.6,"ltp":33,"dayChange":22.4,"dayChangePerc":211.32075471698113,"lowPriceRange":0.05,"highPriceRange":133.8,"volume":5873700,"lowTradeRange":13.2,"highTradeRange":53.2,"totalBuyQty":30350,"totalSellQty":35500,"openInterest":21683,"prevOpenInterest":12130,"lastTradeQty":50,"lastTradeTime":1690950599,"growwContractId":"NIFTY2381019200PE","contractDisplayName":"NIFTY 10 Aug '23 - 19200 Put","longDisplayName":"NIFTY 10 Aug 19200 Put","token":"47837","marketLot":50,"exchange":"NSE"}},{"strikePrice":1925000,"callOption":{"open":415.95,"high":415.95,"low":269.55,"close":513.35,"ltp":323.95,"dayChange":-189.40000000000003,"dayChangePerc":-36.894906009545146,"lowPriceRange":0.05,"highPriceRange":1086.9,"volume":46300,"lowTradeRange":194.4,"highTradeRange":453.6,"totalBuyQty":13400,"totalSellQty":3900,"openInterest":284,"prevOpenInterest":70,"lastTradeQty":50,"lastTradeTime":1690950595,"growwContractId":"NIFTY2381019250CE","contractDisplayName":"NIFTY 10 Aug '23 - 19250 Call","longDisplayName":"NIFTY 10 Aug 19250 Call","token":"47838","marketLot":50,"exchange":"NSE"},"putOption":{"open":12.95,"high":58.8,"low":12.95,"close":12.55,"ltp":39.1,"dayChange":26.55,"dayChangePerc":211.55378486055776,"lowPriceRange":0.05,"highPriceRange":155.7,"volume":2717100,"lowTradeRange":20.25,"highTradeRange":60.25,"totalBuyQty":18250,"totalSellQty":8250,"openInterest":7894,"prevOpenInterest":4249,"lastTradeQty":50,"lastTradeTime":1690950599,"growwContractId":"NIFTY2381019250PE","contractDisplayName":"NIFTY 10 Aug '23 - 19250 Put","longDisplayName":"NIFTY 10 Aug 19250 Put","token":"47855","marketLot":50,"exchange":"NSE"}},{"strikePrice":1930000,"callOption":{"open":406,"high":406,"low":232.95,"close":465,"ltp":282.95,"dayChange":-182.05,"dayChangePerc":-39.15053763440861,"lowPriceRange":0.05,"highPriceRange":1022,"volume":618500,"lowTradeRange":169.8,"highTradeRange":396.15,"totalBuyQty":10700,"totalSellQty":7300,"openInterest":2636,"prevOpenInterest":581,"lastTradeQty":500,"lastTradeTime":1690950599,"growwContractId":"NIFTY2381019300CE","contractDisplayName":"NIFTY 10 Aug '23 - 19300 Call","longDisplayName":"NIFTY 10 Aug 19300 Call","token":"47856","marketLot":50,"exchange":"NSE"},"putOption":{"open":14.95,"high":72,"low":14.85,"close":14.85,"ltp":49,"dayChange":34.15,"dayChangePerc":229.96632996632997,"lowPriceRange":0.05,"highPriceRange":179.75,"volume":7757650,"lowTradeRange":29.8,"highTradeRange":69.8,"totalBuyQty":38800,"totalSellQty":25200,"openInterest":28794,"prevOpenInterest":18246,"lastTradeQty":50,"lastTradeTime":1690950599,"growwContractId":"NIFTY2381019300PE","contractDisplayName":"NIFTY 10 Aug '23 - 19300 Put","longDisplayName":"NIFTY 10 Aug 19300 Put","token":"47857","marketLot":50,"exchange":"NSE"}},{"strikePrice":1935000,"callOption":{"open":347.05,"high":347.05,"low":198,"close":421.25,"ltp":245.6,"dayChange":-175.65,"dayChangePerc":-41.697329376854604,"lowPriceRange":0.05,"highPriceRange":960.1,"volume":218150,"lowTradeRange":147.1,"highTradeRange":343.15,"totalBuyQty":8150,"totalSellQty":4750,"openInterest":843,"prevOpenInterest":151,"lastTradeQty":50,"lastTradeTime":1690950599,"growwContractId":"NIFTY2381019350CE","contractDisplayName":"NIFTY 10 Aug '23 - 19350 Call","longDisplayName":"NIFTY 10 Aug 19350 Call","token":"47858","marketLot":50,"exchange":"NSE"},"putOption":{"open":23.5,"high":87.95,"low":22.85,"close":18.15,"ltp":59.45,"dayChange":41.300000000000004,"dayChangePerc":227.54820936639123,"lowPriceRange":0.05,"highPriceRange":206.5,"volume":3633900,"lowTradeRange":36.55,"highTradeRange":85.2,"totalBuyQty":61350,"totalSellQty":15900,"openInterest":7665,"prevOpenInterest":6595,"lastTradeQty":50,"lastTradeTime":1690950599,"growwContractId":"NIFTY2381019350PE","contractDisplayName":"NIFTY 10 Aug '23 - 19350 Put","longDisplayName":"NIFTY 10 Aug 19350 Put","token":"47859","marketLot":50,"exchange":"NSE"}},{"strikePrice":1940000,"callOption":{"open":313.3,"high":314.5,"low":167.1,"close":374.95,"ltp":208.55,"dayChange":-166.39999999999998,"dayChangePerc":-44.37925056674223,"lowPriceRange":0.05,"highPriceRange":894.15,"volume":2794350,"lowTradeRange":125.3,"highTradeRange":292.35,"totalBuyQty":21500,"totalSellQty":42800,"openInterest":7234,"prevOpenInterest":1779,"lastTradeQty":50,"lastTradeTime":1690950599,"growwContractId":"NIFTY2381019400CE","contractDisplayName":"NIFTY 10 Aug '23 - 19400 Call","longDisplayName":"NIFTY 10 Aug 19400 Call","token":"47860","marketLot":50,"exchange":"NSE"},"putOption":{"open":30,"high":106.9,"low":27,"close":22.9,"ltp":74.25,"dayChange":51.35,"dayChangePerc":224.235807860262,"lowPriceRange":0.05,"highPriceRange":236.3,"volume":10535250,"lowTradeRange":44.8,"highTradeRange":104.55,"totalBuyQty":44750,"totalSellQty":58400,"openInterest":29790,"prevOpenInterest":18805,"lastTradeQty":100,"lastTradeTime":1690950599,"growwContractId":"NIFTY2381019400PE","contractDisplayName":"NIFTY 10 Aug '23 - 19400 Put","longDisplayName":"NIFTY 10 Aug 19400 Put","token":"47866","marketLot":50,"exchange":"NSE"}},{"strikePrice":1945000,"callOption":{"open":263,"high":267.1,"low":138.85,"close":331.5,"ltp":176.8,"dayChange":-154.7,"dayChangePerc":-46.666666666666664,"lowPriceRange":0.05,"highPriceRange":829.45,"volume":1797950,"lowTradeRange":105.2,"highTradeRange":245.45,"totalBuyQty":15300,"totalSellQty":20600,"openInterest":3792,"prevOpenInterest":456,"lastTradeQty":50,"lastTradeTime":1690950598,"growwContractId":"NIFTY2381019450CE","contractDisplayName":"NIFTY 10 Aug '23 - 19450 Call","longDisplayName":"NIFTY 10 Aug 19450 Call","token":"47868","marketLot":50,"exchange":"NSE"},"putOption":{"open":35,"high":128.5,"low":35,"close":29.15,"ltp":91.5,"dayChange":62.35,"dayChangePerc":213.89365351629505,"lowPriceRange":0.05,"highPriceRange":269.1,"volume":4999250,"lowTradeRange":54.65,"highTradeRange":127.5,"totalBuyQty":28100,"totalSellQty":26750,"openInterest":9899,"prevOpenInterest":6770,"lastTradeQty":100,"lastTradeTime":1690950599,"growwContractId":"NIFTY2381019450PE","contractDisplayName":"NIFTY 10 Aug '23 - 19450 Put","longDisplayName":"NIFTY 10 Aug 19450 Put","token":"47869","marketLot":50,"exchange":"NSE"}},{"strikePrice":1950000,"callOption":{"open":248.3,"high":248.3,"low":113.8,"close":288.1,"ltp":144,"dayChange":-144.10000000000002,"dayChangePerc":-50.01735508503992,"lowPriceRange":0.05,"highPriceRange":763.55,"volume":10212850,"lowTradeRange":87.4,"highTradeRange":203.85,"totalBuyQty":44150,"totalSellQty":98000,"openInterest":21274,"prevOpenInterest":4631,"lastTradeQty":300,"lastTradeTime":1690950583,"growwContractId":"NIFTY2381019500CE","contractDisplayName":"NIFTY 10 Aug '23 - 19500 Call","longDisplayName":"NIFTY 10 Aug 19500 Call","token":"47871","marketLot":50,"exchange":"NSE"},"putOption":{"open":48.05,"high":153.95,"low":48.05,"close":37.7,"ltp":110,"dayChange":72.3,"dayChangePerc":191.77718832891244,"lowPriceRange":0.05,"highPriceRange":305.35,"volume":15874900,"lowTradeRange":66.9,"highTradeRange":156.05,"totalBuyQty":75250,"totalSellQty":67150,"openInterest":38131,"prevOpenInterest":25347,"lastTradeQty":100,"lastTradeTime":1690950583,"growwContractId":"NIFTY2381019500PE","contractDisplayName":"NIFTY 10 Aug '23 - 19500 Put","longDisplayName":"NIFTY 10 Aug 19500 Put","token":"47872","marketLot":50,"exchange":"NSE"}},{"strikePrice":1955000,"callOption":{"open":199,"high":199,"low":91.85,"close":250.35,"ltp":118.3,"dayChange":-132.05,"dayChangePerc":-52.74615538246456,"lowPriceRange":0.05,"highPriceRange":702,"volume":5264100,"lowTradeRange":71.5,"highTradeRange":166.85,"totalBuyQty":31750,"totalSellQty":62700,"openInterest":10512,"prevOpenInterest":593,"lastTradeQty":50,"lastTradeTime":1690950588,"growwContractId":"NIFTY2381019550CE","contractDisplayName":"NIFTY 10 Aug '23 - 19550 Call","longDisplayName":"NIFTY 10 Aug 19550 Call","token":"47873","marketLot":50,"exchange":"NSE"},"putOption":{"open":60,"high":182.3,"low":60,"close":47.3,"ltp":136,"dayChange":88.7,"dayChangePerc":187.52642706131078,"lowPriceRange":0.05,"highPriceRange":343.7,"volume":5238500,"lowTradeRange":80.85,"highTradeRange":188.6,"totalBuyQty":21950,"totalSellQty":13850,"openInterest":7116,"prevOpenInterest":5311,"lastTradeQty":50,"lastTradeTime":1690950599,"growwContractId":"NIFTY2381019550PE","contractDisplayName":"NIFTY 10 Aug '23 - 19550 Put","longDisplayName":"NIFTY 10 Aug 19550 Put","token":"47874","marketLot":50,"exchange":"NSE"}},{"strikePrice":1960000,"callOption":{"open":200,"high":200,"low":73.4,"close":213.7,"ltp":95,"dayChange":-118.69999999999999,"dayChangePerc":-55.545156761815626,"lowPriceRange":0.05,"highPriceRange":640.6,"volume":14620500,"lowTradeRange":57.4,"highTradeRange":133.85,"totalBuyQty":55500,"totalSellQty":215450,"openInterest":36258,"prevOpenInterest":5444,"lastTradeQty":50,"lastTradeTime":1690950599,"growwContractId":"NIFTY2381019600CE","contractDisplayName":"NIFTY 10 Aug '23 - 19600 Call","longDisplayName":"NIFTY 10 Aug 19600 Call","token":"47875","marketLot":50,"exchange":"NSE"},"putOption":{"open":71,"high":214.15,"low":71,"close":60.55,"ltp":160.7,"dayChange":100.14999999999999,"dayChangePerc":165.4004954582989,"lowPriceRange":0.05,"highPriceRange":386.4,"volume":12049600,"lowTradeRange":96.6,"highTradeRange":225.4,"totalBuyQty":49000,"totalSellQty":30400,"openInterest":23245,"prevOpenInterest":23347,"lastTradeQty":450,"lastTradeTime":1690950583,"growwContractId":"NIFTY2381019600PE","contractDisplayName":"NIFTY 10 Aug '23 - 19600 Put","longDisplayName":"NIFTY 10 Aug 19600 Put","token":"47876","marketLot":50,"exchange":"NSE"}},{"strikePrice":1965000,"callOption":{"open":140.35,"high":141.4,"low":57.7,"close":178.75,"ltp":72,"dayChange":-106.75,"dayChangePerc":-59.72027972027972,"lowPriceRange":0.05,"highPriceRange":580.05,"volume":5827450,"lowTradeRange":44.95,"highTradeRange":104.9,"totalBuyQty":31750,"totalSellQty":105050,"openInterest":14536,"prevOpenInterest":3182,"lastTradeQty":50,"lastTradeTime":1690950599,"growwContractId":"NIFTY2381019650CE","contractDisplayName":"NIFTY 10 Aug '23 - 19650 Call","longDisplayName":"NIFTY 10 Aug 19650 Call","token":"47879","marketLot":50,"exchange":"NSE"},"putOption":{"open":99,"high":246.45,"low":95.9,"close":75.95,"ltp":191.85,"dayChange":115.89999999999999,"dayChangePerc":152.60039499670833,"lowPriceRange":0.05,"highPriceRange":431.7,"volume":3771900,"lowTradeRange":114.15,"highTradeRange":266.3,"totalBuyQty":8700,"totalSellQty":7000,"openInterest":3459,"prevOpenInterest":4928,"lastTradeQty":50,"lastTradeTime":1690950599,"growwContractId":"NIFTY2381019650PE","contractDisplayName":"NIFTY 10 Aug '23 - 19650 Put","longDisplayName":"NIFTY 10 Aug 19650 Put","token":"47880","marketLot":50,"exchange":"NSE"}},{"strikePrice":1970000,"callOption":{"open":122.05,"high":122.05,"low":44.6,"close":147.7,"ltp":57.3,"dayChange":-90.39999999999999,"dayChangePerc":-61.20514556533514,"lowPriceRange":0.05,"highPriceRange":522.85,"volume":13225250,"lowTradeRange":34.65,"highTradeRange":80.8,"totalBuyQty":56550,"totalSellQty":182200,"openInterest":46374,"prevOpenInterest":15560,"lastTradeQty":250,"lastTradeTime":1690950599,"growwContractId":"NIFTY2381019700CE","contractDisplayName":"NIFTY 10 Aug '23 - 19700 Call","longDisplayName":"NIFTY 10 Aug 19700 Call","token":"47881","marketLot":50,"exchange":"NSE"},"putOption":{"open":105,"high":284,"low":105,"close":94.4,"ltp":223.05,"dayChange":128.65,"dayChangePerc":136.28177966101697,"lowPriceRange":0.05,"highPriceRange":480.2,"volume":7154800,"lowTradeRange":133.5,"highTradeRange":311.5,"totalBuyQty":19550,"totalSellQty":14300,"openInterest":17314,"prevOpenInterest":19741,"lastTradeQty":50,"lastTradeTime":1690950599,"growwContractId":"NIFTY2381019700PE","contractDisplayName":"NIFTY 10 Aug '23 - 19700 Put","longDisplayName":"NIFTY 10 Aug 19700 Put","token":"47882","marketLot":50,"exchange":"NSE"}},{"strikePrice":1975000,"callOption":{"open":91.4,"high":99.95,"low":35,"close":120.15,"ltp":43,"dayChange":-77.15,"dayChangePerc":-64.21140241364961,"lowPriceRange":0.05,"highPriceRange":468.85,"volume":5377150,"lowTradeRange":24.2,"highTradeRange":64.2,"totalBuyQty":28100,"totalSellQty":79150,"openInterest":17598,"prevOpenInterest":10131,"lastTradeQty":100,"lastTradeTime":1690950599,"growwContractId":"NIFTY2381019750CE","contractDisplayName":"NIFTY 10 Aug '23 - 19750 Call","longDisplayName":"NIFTY 10 Aug 19750 Call","token":"47885","marketLot":50,"exchange":"NSE"},"putOption":{"open":138,"high":323.2,"low":125.55,"close":116.35,"ltp":258.2,"dayChange":141.85,"dayChangePerc":121.91663085517834,"lowPriceRange":0.05,"highPriceRange":532.05,"volume":1184900,"lowTradeRange":155.55,"highTradeRange":362.9,"totalBuyQty":13950,"totalSellQty":8500,"openInterest":3649,"prevOpenInterest":6411,"lastTradeQty":50,"lastTradeTime":1690950599,"growwContractId":"NIFTY2381019750PE","contractDisplayName":"NIFTY 10 Aug '23 - 19750 Put","longDisplayName":"NIFTY 10 Aug 19750 Put","token":"47886","marketLot":50,"exchange":"NSE"}},{"strikePrice":1980000,"callOption":{"open":75,"high":78.95,"low":27.1,"close":95.35,"ltp":33.35,"dayChange":-61.99999999999999,"dayChangePerc":-65.02359727320398,"lowPriceRange":0.05,"highPriceRange":417.55,"volume":11355200,"lowTradeRange":13.25,"highTradeRange":53.25,"totalBuyQty":63700,"totalSellQty":185550,"openInterest":42442,"prevOpenInterest":22259,"lastTradeQty":50,"lastTradeTime":1690950599,"growwContractId":"NIFTY2381019800CE","contractDisplayName":"NIFTY 10 Aug '23 - 19800 Call","longDisplayName":"NIFTY 10 Aug 19800 Call","token":"47887","marketLot":50,"exchange":"NSE"},"putOption":{"open":170,"high":365.65,"low":162,"close":142.2,"ltp":297.05,"dayChange":154.85000000000002,"dayChangePerc":108.8959212376934,"lowPriceRange":0.05,"highPriceRange":587.4,"volume":2556550,"lowTradeRange":178.5,"highTradeRange":416.5,"totalBuyQty":11400,"totalSellQty":8300,"openInterest":8529,"prevOpenInterest":10692,"lastTradeQty":250,"lastTradeTime":1690950599,"growwContractId":"NIFTY2381019800PE","contractDisplayName":"NIFTY 10 Aug '23 - 19800 Put","longDisplayName":"NIFTY 10 Aug 19800 Put","token":"47897","marketLot":50,"exchange":"NSE"}},{"strikePrice":1985000,"callOption":{"open":51.6,"high":58.85,"low":21.35,"close":74.45,"ltp":25,"dayChange":-49.45,"dayChangePerc":-66.4204163868368,"lowPriceRange":0.05,"highPriceRange":370.35,"volume":5118800,"lowTradeRange":5.25,"highTradeRange":45.25,"totalBuyQty":37250,"totalSellQty":53100,"openInterest":12497,"prevOpenInterest":5860,"lastTradeQty":150,"lastTradeTime":1690950599,"growwContractId":"NIFTY2381019850CE","contractDisplayName":"NIFTY 10 Aug '23 - 19850 Call","longDisplayName":"NIFTY 10 Aug 19850 Call","token":"47898","marketLot":50,"exchange":"NSE"},"putOption":{"open":200,"high":408,"low":200,"close":170.8,"ltp":339.45,"dayChange":168.64999999999998,"dayChangePerc":98.74121779859483,"lowPriceRange":0.05,"highPriceRange":644.75,"volume":208250,"lowTradeRange":203.7,"highTradeRange":475.25,"totalBuyQty":14600,"totalSellQty":9600,"openInterest":1006,"prevOpenInterest":761,"lastTradeQty":50,"lastTradeTime":1690950599,"growwContractId":"NIFTY2381019850PE","contractDisplayName":"NIFTY 10 Aug '23 - 19850 Put","longDisplayName":"NIFTY 10 Aug 19850 Put","token":"47905","marketLot":50,"exchange":"NSE"}},{"strikePrice":1990000,"callOption":{"open":50,"high":50.55,"low":16.7,"close":56.5,"ltp":19.05,"dayChange":-37.45,"dayChangePerc":-66.28318584070797,"lowPriceRange":0.05,"highPriceRange":326.45,"volume":8000900,"lowTradeRange":0.05,"highTradeRange":39.3,"totalBuyQty":59700,"totalSellQty":54900,"openInterest":23379,"prevOpenInterest":17586,"lastTradeQty":50,"lastTradeTime":1690950599,"growwContractId":"NIFTY2381019900CE","contractDisplayName":"NIFTY 10 Aug '23 - 19900 Call","longDisplayName":"NIFTY 10 Aug 19900 Call","token":"47906","marketLot":50,"exchange":"NSE"},"putOption":{"open":225,"high":455,"low":225,"close":202.95,"ltp":385,"dayChange":182.05,"dayChangePerc":89.7018970189702,"lowPriceRange":0.05,"highPriceRange":704.7,"volume":525400,"lowTradeRange":229.9,"highTradeRange":536.35,"totalBuyQty":7400,"totalSellQty":4650,"openInterest":2460,"prevOpenInterest":2835,"lastTradeQty":50,"lastTradeTime":1690950599,"growwContractId":"NIFTY2381019900PE","contractDisplayName":"NIFTY 10 Aug '23 - 19900 Put","longDisplayName":"NIFTY 10 Aug 19900 Put","token":"47907","marketLot":50,"exchange":"NSE"}},{"strikePrice":1995000,"callOption":{"open":40,"high":40,"low":13.55,"close":42.7,"ltp":14.55,"dayChange":-28.150000000000002,"dayChangePerc":-65.92505854800936,"lowPriceRange":0.05,"highPriceRange":287.5,"volume":3455900,"lowTradeRange":0.05,"highTradeRange":34.9,"totalBuyQty":38650,"totalSellQty":18700,"openInterest":7362,"prevOpenInterest":6919,"lastTradeQty":50,"lastTradeTime":1690950599,"growwContractId":"NIFTY2381019950CE","contractDisplayName":"NIFTY 10 Aug '23 - 19950 Call","longDisplayName":"NIFTY 10 Aug 19950 Call","token":"47908","marketLot":50,"exchange":"NSE"},"putOption":{"open":286.55,"high":495,"low":286.55,"close":238.65,"ltp":429.2,"dayChange":190.54999999999998,"dayChangePerc":79.84496124031007,"lowPriceRange":0.05,"highPriceRange":767,"volume":89300,"lowTradeRange":257.55,"highTradeRange":600.9,"totalBuyQty":12750,"totalSellQty":8450,"openInterest":611,"prevOpenInterest":497,"lastTradeQty":50,"lastTradeTime":1690950599,"growwContractId":"NIFTY2381019950PE","contractDisplayName":"NIFTY 10 Aug '23 - 19950 Put","longDisplayName":"NIFTY 10 Aug 19950 Put","token":"47909","marketLot":50,"exchange":"NSE"}},{"strikePrice":2000000,"callOption":{"open":24.6,"high":24.6,"low":10.7,"close":31.55,"ltp":11.55,"dayChange":-20,"dayChangePerc":-63.39144215530903,"lowPriceRange":0.05,"highPriceRange":252.05,"volume":7763500,"lowTradeRange":0.05,"highTradeRange":31.65,"totalBuyQty":61350,"totalSellQty":61050,"openInterest":30774,"prevOpenInterest":22931,"lastTradeQty":50,"lastTradeTime":1690950599,"growwContractId":"NIFTY2381020000CE","contractDisplayName":"NIFTY 10 Aug '23 - 20000 Call","longDisplayName":"NIFTY 10 Aug 20000 Call","token":"47915","marketLot":50,"exchange":"NSE"},"putOption":{"open":330,"high":546.3,"low":315.8,"close":279.2,"ltp":475.05,"dayChange":195.85000000000002,"dayChangePerc":70.14684813753583,"lowPriceRange":0.05,"highPriceRange":832.75,"volume":287000,"lowTradeRange":284.85,"highTradeRange":664.6,"totalBuyQty":8300,"totalSellQty":8450,"openInterest":2464,"prevOpenInterest":3336,"lastTradeQty":50,"lastTradeTime":1690950599,"growwContractId":"NIFTY2381020000PE","contractDisplayName":"NIFTY 10 Aug '23 - 20000 Put","longDisplayName":"NIFTY 10 Aug 20000 Put","token":"47918","marketLot":50,"exchange":"NSE"}},{"strikePrice":2005000,"callOption":{"open":22.5,"high":22.5,"low":8.95,"close":23.4,"ltp":9.45,"dayChange":-13.95,"dayChangePerc":-59.61538461538461,"lowPriceRange":0.05,"highPriceRange":220.7,"volume":2701250,"lowTradeRange":0.05,"highTradeRange":29.55,"totalBuyQty":41150,"totalSellQty":13150,"openInterest":7796,"prevOpenInterest":11201,"lastTradeQty":200,"lastTradeTime":1690950583,"growwContractId":"NIFTY2381020050CE","contractDisplayName":"NIFTY 10 Aug '23 - 20050 Call","longDisplayName":"NIFTY 10 Aug 20050 Call","token":"47919","marketLot":50,"exchange":"NSE"},"putOption":{"open":375.5,"high":595.15,"low":375.5,"close":317.9,"ltp":521.5,"dayChange":203.60000000000002,"dayChangePerc":64.04529726329035,"lowPriceRange":0.05,"highPriceRange":895.15,"volume":13100,"lowTradeRange":311.95,"highTradeRange":727.9,"totalBuyQty":10600,"totalSellQty":8200,"openInterest":226,"prevOpenInterest":318,"lastTradeQty":100,"lastTradeTime":1690950598,"growwContractId":"NIFTY2381020050PE","contractDisplayName":"NIFTY 10 Aug '23 - 20050 Put","longDisplayName":"NIFTY 10 Aug 20050 Put","token":"47920","marketLot":50,"exchange":"NSE"}},{"strikePrice":2010000,"callOption":{"open":16.3,"high":16.3,"low":7.2,"close":16.8,"ltp":8.05,"dayChange":-8.75,"dayChangePerc":-52.08333333333333,"lowPriceRange":0.05,"highPriceRange":192.15,"volume":4212400,"lowTradeRange":0.05,"highTradeRange":27.9,"totalBuyQty":51400,"totalSellQty":31000,"openInterest":12740,"prevOpenInterest":17938,"lastTradeQty":50,"lastTradeTime":1690950599,"growwContractId":"NIFTY2381020100CE","contractDisplayName":"NIFTY 10 Aug '23 - 20100 Call","longDisplayName":"NIFTY 10 Aug 20100 Call","token":"47921","marketLot":50,"exchange":"NSE"},"putOption":{"open":430,"high":644.85,"low":430,"close":362.8,"ltp":573.4,"dayChange":210.59999999999997,"dayChangePerc":58.048511576626225,"lowPriceRange":0.05,"highPriceRange":962.1,"volume":66150,"lowTradeRange":344.05,"highTradeRange":802.8,"totalBuyQty":11100,"totalSellQty":10700,"openInterest":543,"prevOpenInterest":842,"lastTradeQty":50,"lastTradeTime":1690950583,"growwContractId":"NIFTY2381020100PE","contractDisplayName":"NIFTY 10 Aug '23 - 20100 Put","longDisplayName":"NIFTY 10 Aug 20100 Put","token":"47922","marketLot":50,"exchange":"NSE"}},{"strikePrice":2015000,"callOption":{"open":12.8,"high":12.8,"low":6.3,"close":12.5,"ltp":7.25,"dayChange":-5.25,"dayChangePerc":-42,"lowPriceRange":0.05,"highPriceRange":167.25,"volume":1369450,"lowTradeRange":0.05,"highTradeRange":27,"totalBuyQty":38800,"totalSellQty":9800,"openInterest":2785,"prevOpenInterest":5504,"lastTradeQty":100,"lastTradeTime":1690950597,"growwContractId":"NIFTY2381020150CE","contractDisplayName":"NIFTY 10 Aug '23 - 20150 Call","longDisplayName":"NIFTY 10 Aug 20150 Call","token":"47924","marketLot":50,"exchange":"NSE"},"putOption":{"open":481.95,"high":675.15,"low":481.95,"close":409.4,"ltp":626.15,"dayChange":216.75,"dayChangePerc":52.943331704934046,"lowPriceRange":0.05,"highPriceRange":1029,"volume":3450,"lowTradeRange":375.7,"highTradeRange":876.65,"totalBuyQty":9600,"totalSellQty":3300,"openInterest":41,"prevOpenInterest":36,"lastTradeQty":50,"lastTradeTime":1690950599,"growwContractId":"NIFTY2381020150PE","contractDisplayName":"NIFTY 10 Aug '23 - 20150 Put","longDisplayName":"NIFTY 10 Aug 20150 Put","token":"47925","marketLot":50,"exchange":"NSE"}},{"strikePrice":2020000,"callOption":{"open":7.2,"high":7.75,"low":5.6,"close":9.65,"ltp":5.6,"dayChange":-4.050000000000001,"dayChangePerc":-41.96891191709845,"lowPriceRange":0.05,"highPriceRange":145.3,"volume":2394700,"lowTradeRange":0.05,"highTradeRange":25.95,"totalBuyQty":42250,"totalSellQty":17550,"openInterest":11043,"prevOpenInterest":10386,"lastTradeQty":100,"lastTradeTime":1690950599,"growwContractId":"NIFTY2381020200CE","contractDisplayName":"NIFTY 10 Aug '23 - 20200 Call","longDisplayName":"NIFTY 10 Aug 20200 Call","token":"47926","marketLot":50,"exchange":"NSE"},"putOption":{"open":522.95,"high":723.3,"low":522.7,"close":454.4,"ltp":670,"dayChange":215.60000000000002,"dayChangePerc":47.44718309859156,"lowPriceRange":0.05,"highPriceRange":1092.55,"volume":10350,"lowTradeRange":398.4,"highTradeRange":929.6,"totalBuyQty":7850,"totalSellQty":9050,"openInterest":191,"prevOpenInterest":211,"lastTradeQty":50,"lastTradeTime":1690950599,"growwContractId":"NIFTY2381020200PE","contractDisplayName":"NIFTY 10 Aug '23 - 20200 Put","longDisplayName":"NIFTY 10 Aug 20200 Put","token":"47928","marketLot":50,"exchange":"NSE"}},{"strikePrice":2025000,"callOption":{"open":7.8,"high":7.8,"low":2.5,"close":7.65,"ltp":5.35,"dayChange":-2.3000000000000007,"dayChangePerc":-30.065359477124193,"lowPriceRange":0.05,"highPriceRange":125.7,"volume":812250,"lowTradeRange":0.05,"highTradeRange":25.45,"totalBuyQty":34250,"totalSellQty":14150,"openInterest":3516,"prevOpenInterest":2806,"lastTradeQty":50,"lastTradeTime":1690950597,"growwContractId":"NIFTY2381020250CE","contractDisplayName":"NIFTY 10 Aug '23 - 20250 Call","longDisplayName":"NIFTY 10 Aug 20250 Call","token":"47932","marketLot":50,"exchange":"NSE"},"putOption":{"open":580.35,"high":747,"low":580.35,"close":507.85,"ltp":717.2,"dayChange":209.35000000000002,"dayChangePerc":41.22280200846707,"lowPriceRange":0.05,"highPriceRange":1162.8,"volume":1900,"lowTradeRange":430.35,"highTradeRange":1004.1,"totalBuyQty":11600,"totalSellQty":8550,"openInterest":20,"prevOpenInterest":10,"lastTradeQty":50,"lastTradeTime":1690950597,"growwContractId":"NIFTY2381020250PE","contractDisplayName":"NIFTY 10 Aug '23 - 20250 Put","longDisplayName":"NIFTY 10 Aug 20250 Put","token":"47934","marketLot":50,"exchange":"NSE"}},{"strikePrice":2030000,"callOption":{"open":6.45,"high":6.45,"low":4.4,"close":6.25,"ltp":4.75,"dayChange":-1.5,"dayChangePerc":-24,"lowPriceRange":0.05,"highPriceRange":108.3,"volume":2073900,"lowTradeRange":0.05,"highTradeRange":25,"totalBuyQty":45850,"totalSellQty":16300,"openInterest":11067,"prevOpenInterest":8566,"lastTradeQty":350,"lastTradeTime":1690950595,"growwContractId":"NIFTY2381020300CE","contractDisplayName":"NIFTY 10 Aug '23 - 20300 Call","longDisplayName":"NIFTY 10 Aug 20300 Call","token":"47936","marketLot":50,"exchange":"NSE"},"putOption":{"open":622.2,"high":840,"low":622.2,"close":553.2,"ltp":755,"dayChange":201.79999999999995,"dayChangePerc":36.47866955892985,"lowPriceRange":0.05,"highPriceRange":1223.2,"volume":1750,"lowTradeRange":453,"highTradeRange":1057,"totalBuyQty":10300,"totalSellQty":4050,"openInterest":70,"prevOpenInterest":56,"lastTradeQty":50,"lastTradeTime":1690950583,"growwContractId":"NIFTY2381020300PE","contractDisplayName":"NIFTY 10 Aug '23 - 20300 Put","longDisplayName":"NIFTY 10 Aug 20300 Put","token":"47937","marketLot":50,"exchange":"NSE"}},{"strikePrice":2035000,"callOption":{"open":4.25,"high":5.4,"low":4,"close":5.2,"ltp":4.8,"dayChange":-0.40000000000000036,"dayChangePerc":-7.692307692307699,"lowPriceRange":0.05,"highPriceRange":92.75,"volume":515800,"lowTradeRange":0.05,"highTradeRange":24.65,"totalBuyQty":28050,"totalSellQty":7850,"openInterest":2740,"prevOpenInterest":1695,"lastTradeQty":50,"lastTradeTime":1690950597,"growwContractId":"NIFTY2381020350CE","contractDisplayName":"NIFTY 10 Aug '23 - 20350 Call","longDisplayName":"NIFTY 10 Aug 20350 Call","token":"47940","marketLot":50,"exchange":"NSE"},"putOption":{"open":678.65,"high":854.95,"low":678.65,"close":671.5,"ltp":854.95,"dayChange":183.45000000000005,"dayChangePerc":27.31943410275503,"lowPriceRange":29.7,"highPriceRange":1292.65,"volume":250,"lowTradeRange":471.5,"highTradeRange":1100.15,"totalBuyQty":7100,"totalSellQty":3250,"openInterest":16,"prevOpenInterest":14,"lastTradeQty":50,"lastTradeTime":1690950597,"growwContractId":"NIFTY2381020350PE","contractDisplayName":"NIFTY 10 Aug '23 - 20350 Put","longDisplayName":"NIFTY 10 Aug 20350 Put","token":"47941","marketLot":50,"exchange":"NSE"}},{"strikePrice":2040000,"callOption":{"open":4.4,"high":5.05,"low":3.3,"close":4.25,"ltp":4.3,"dayChange":0.04999999999999982,"dayChangePerc":1.17647058823529,"lowPriceRange":0.05,"highPriceRange":78.85,"volume":1342900,"lowTradeRange":0.05,"highTradeRange":24.45,"totalBuyQty":32750,"totalSellQty":37900,"openInterest":9107,"prevOpenInterest":4539,"lastTradeQty":50,"lastTradeTime":1690950597,"growwContractId":"NIFTY2381020400CE","contractDisplayName":"NIFTY 10 Aug '23 - 20400 Call","longDisplayName":"NIFTY 10 Aug 20400 Call","token":"47942","marketLot":50,"exchange":"NSE"},"putOption":{"open":741,"high":884.95,"low":741,"close":623.35,"ltp":868.15,"dayChange":244.79999999999995,"dayChangePerc":39.2716772278816,"lowPriceRange":60.9,"highPriceRange":1349.65,"volume":600,"lowTradeRange":502.8,"highTradeRange":1173.2,"totalBuyQty":6800,"totalSellQty":6900,"openInterest":19,"prevOpenInterest":13,"lastTradeQty":50,"lastTradeTime":1690950598,"growwContractId":"NIFTY2381020400PE","contractDisplayName":"NIFTY 10 Aug '23 - 20400 Put","longDisplayName":"NIFTY 10 Aug 20400 Put","token":"47943","marketLot":50,"exchange":"NSE"}},{"strikePrice":2045000,"callOption":{"open":3.5,"high":4.8,"low":3.45,"close":4,"ltp":4.25,"dayChange":0.25,"dayChangePerc":6.25,"lowPriceRange":0.05,"highPriceRange":67.1,"volume":153550,"lowTradeRange":0.05,"highTradeRange":24.25,"totalBuyQty":28200,"totalSellQty":17350,"openInterest":1248,"prevOpenInterest":672,"lastTradeQty":100,"lastTradeTime":1690950593,"growwContractId":"NIFTY2381020450CE","contractDisplayName":"NIFTY 10 Aug '23 - 20450 Call","longDisplayName":"NIFTY 10 Aug 20450 Call","token":"47944","marketLot":50,"exchange":"NSE"},"putOption":{"open":779.65,"high":918.95,"low":779.65,"close":699.2,"ltp":918.95,"dayChange":219.75,"dayChangePerc":31.428775743707092,"lowPriceRange":94.4,"highPriceRange":1406.2,"volume":400,"lowTradeRange":551.4,"highTradeRange":1286.55,"totalBuyQty":3250,"totalSellQty":5800,"openInterest":9,"prevOpenInterest":4,"lastTradeQty":50,"lastTradeTime":1690950593,"growwContractId":"NIFTY2381020450PE","contractDisplayName":"NIFTY 10 Aug '23 - 20450 Put","longDisplayName":"NIFTY 10 Aug 20450 Put","token":"47945","marketLot":50,"exchange":"NSE"}},{"strikePrice":2050000,"callOption":{"open":3.5,"high":4.6,"low":2.75,"close":3.6,"ltp":3.7,"dayChange":0.10000000000000009,"dayChangePerc":2.77777777777778,"lowPriceRange":0.05,"highPriceRange":56.55,"volume":1984500,"lowTradeRange":0.05,"highTradeRange":23.9,"totalBuyQty":73950,"totalSellQty":45050,"openInterest":17833,"prevOpenInterest":9409,"lastTradeQty":50,"lastTradeTime":1690950599,"growwContractId":"NIFTY2381020500CE","contractDisplayName":"NIFTY 10 Aug '23 - 20500 Call","longDisplayName":"NIFTY 10 Aug 20500 Call","token":"47946","marketLot":50,"exchange":"NSE"},"putOption":{"open":825.8,"high":1041.15,"low":825.8,"close":750.25,"ltp":970.05,"dayChange":219.79999999999995,"dayChangePerc":29.296901032989,"lowPriceRange":131.35,"highPriceRange":1460.65,"volume":6850,"lowTradeRange":582.05,"highTradeRange":1358.1,"totalBuyQty":4150,"totalSellQty":7050,"openInterest":126,"prevOpenInterest":106,"lastTradeQty":100,"lastTradeTime":1690950599,"growwContractId":"NIFTY2381020500PE","contractDisplayName":"NIFTY 10 Aug '23 - 20500 Put","longDisplayName":"NIFTY 10 Aug 20500 Put","token":"47947","marketLot":50,"exchange":"NSE"}},{"strikePrice":2055000,"callOption":{"open":3.95,"high":4.55,"low":3,"close":3.3,"ltp":3.75,"dayChange":0.4500000000000002,"dayChangePerc":13.636363636363644,"lowPriceRange":0.05,"highPriceRange":47.45,"volume":354400,"lowTradeRange":0.05,"highTradeRange":23.95,"totalBuyQty":32750,"totalSellQty":5500,"openInterest":2289,"prevOpenInterest":469,"lastTradeQty":50,"lastTradeTime":1690950593,"growwContractId":"NIFTY2381020550CE","contractDisplayName":"NIFTY 10 Aug '23 - 20550 Call","longDisplayName":"NIFTY 10 Aug 20550 Call","token":"47948","marketLot":50,"exchange":"NSE"},"putOption":{"open":0,"high":0,"low":0,"close":794.7,"ltp":795.4,"dayChange":0.6999999999999318,"dayChangePerc":0.08808355354220859,"lowPriceRange":167.7,"highPriceRange":1517.35,"volume":0,"lowTradeRange":591.7,"highTradeRange":1380.55,"totalBuyQty":7200,"totalSellQty":7050,"openInterest":5,"prevOpenInterest":5,"lastTradeQty":50,"lastTradeTime":1690950593,"growwContractId":"NIFTY2381020550PE","contractDisplayName":"NIFTY 10 Aug '23 - 20550 Put","longDisplayName":"NIFTY 10 Aug 20550 Put","token":"47949","marketLot":50,"exchange":"NSE"}},{"strikePrice":2060000,"callOption":{"open":2.9,"high":4.25,"low":1.8,"close":3,"ltp":2.8,"dayChange":-0.20000000000000018,"dayChangePerc":-6.666666666666672,"lowPriceRange":0.05,"highPriceRange":39.55,"volume":437350,"lowTradeRange":0.05,"highTradeRange":23.6,"totalBuyQty":31800,"totalSellQty":5550,"openInterest":2622,"prevOpenInterest":1682,"lastTradeQty":50,"lastTradeTime":1690950596,"growwContractId":"NIFTY2381020600CE","contractDisplayName":"NIFTY 10 Aug '23 - 20600 Call","longDisplayName":"NIFTY 10 Aug 20600 Call","token":"47950","marketLot":50,"exchange":"NSE"},"putOption":{"open":931.25,"high":952.4,"low":931.25,"close":813.95,"ltp":952.4,"dayChange":138.44999999999993,"dayChangePerc":17.00964432704711,"lowPriceRange":207.2,"highPriceRange":1570.9,"volume":200,"lowTradeRange":625.65,"highTradeRange":1459.85,"totalBuyQty":4550,"totalSellQty":4550,"openInterest":6,"prevOpenInterest":4,"lastTradeQty":100,"lastTradeTime":1690950593,"growwContractId":"NIFTY2381020600PE","contractDisplayName":"NIFTY 10 Aug '23 - 20600 Put","longDisplayName":"NIFTY 10 Aug 20600 Put","token":"47951","marketLot":50,"exchange":"NSE"}},{"strikePrice":2065000,"callOption":{"open":2.8,"high":4.05,"low":2.65,"close":2.75,"ltp":3.35,"dayChange":0.6000000000000001,"dayChangePerc":21.818181818181824,"lowPriceRange":0.05,"highPriceRange":32.8,"volume":111750,"lowTradeRange":0.05,"highTradeRange":23.35,"totalBuyQty":21450,"totalSellQty":6650,"openInterest":645,"prevOpenInterest":406,"lastTradeQty":50,"lastTradeTime":1690950593,"growwContractId":"NIFTY2381020650CE","contractDisplayName":"NIFTY 10 Aug '23 - 20650 Call","longDisplayName":"NIFTY 10 Aug 20650 Call","token":"47952","marketLot":50,"exchange":"NSE"},"putOption":{"open":0,"high":0,"low":0,"close":1102.05,"ltp":890.05,"dayChange":-212,"dayChangePerc":-19.236876729730955,"lowPriceRange":248.25,"highPriceRange":1623.95,"volume":0,"lowTradeRange":650.4,"highTradeRange":1517.55,"totalBuyQty":4950,"totalSellQty":3450,"openInterest":0,"prevOpenInterest":0,"lastTradeQty":0,"lastTradeTime":1690950593,"growwContractId":"NIFTY2381020650PE","contractDisplayName":"NIFTY 10 Aug '23 - 20650 Put","longDisplayName":"NIFTY 10 Aug 20650 Put","token":"47953","marketLot":50,"exchange":"NSE"}},{"strikePrice":2070000,"callOption":{"open":2.75,"high":3.75,"low":2.6,"close":2.7,"ltp":2.75,"dayChange":0.04999999999999982,"dayChangePerc":1.8518518518518452,"lowPriceRange":0.05,"highPriceRange":27.15,"volume":493850,"lowTradeRange":0.05,"highTradeRange":22.9,"totalBuyQty":25750,"totalSellQty":6200,"openInterest":4332,"prevOpenInterest":2466,"lastTradeQty":150,"lastTradeTime":1690950598,"growwContractId":"NIFTY2381020700CE","contractDisplayName":"NIFTY 10 Aug '23 - 20700 Call","longDisplayName":"NIFTY 10 Aug 20700 Call","token":"47954","marketLot":50,"exchange":"NSE"},"putOption":{"open":1131,"high":1133,"low":1130,"close":952.25,"ltp":1133,"dayChange":180.75,"dayChangePerc":18.981359936991336,"lowPriceRange":290.65,"highPriceRange":1676.5,"volume":250,"lowTradeRange":677.35,"highTradeRange":1580.4,"totalBuyQty":4550,"totalSellQty":4550,"openInterest":2,"prevOpenInterest":2,"lastTradeQty":50,"lastTradeTime":1690950593,"growwContractId":"NIFTY2381020700PE","contractDisplayName":"NIFTY 10 Aug '23 - 20700 Put","longDisplayName":"NIFTY 10 Aug 20700 Put","token":"47955","marketLot":50,"exchange":"NSE"}},{"strikePrice":2075000,"callOption":{"open":2.8,"high":3.6,"low":2.65,"close":2.75,"ltp":3,"dayChange":0.25,"dayChangePerc":9.090909090909092,"lowPriceRange":0.05,"highPriceRange":22.6,"volume":25800,"lowTradeRange":0.05,"highTradeRange":22.95,"totalBuyQty":19550,"totalSellQty":8750,"openInterest":299,"prevOpenInterest":133,"lastTradeQty":50,"lastTradeTime":1690950598,"growwContractId":"NIFTY2381020750CE","contractDisplayName":"NIFTY 10 Aug '23 - 20750 Call","longDisplayName":"NIFTY 10 Aug 20750 Call","token":"47956","marketLot":50,"exchange":"NSE"},"putOption":{"open":1078.7,"high":1198.4,"low":1078.7,"close":1186.75,"ltp":1198.4,"dayChange":11.650000000000091,"dayChangePerc":0.981672635348649,"lowPriceRange":334.35,"highPriceRange":1728.6,"volume":250,"lowTradeRange":717.05,"highTradeRange":1673.1,"totalBuyQty":5250,"totalSellQty":5250,"openInterest":3,"prevOpenInterest":0,"lastTradeQty":100,"lastTradeTime":1690950593,"growwContractId":"NIFTY2381020750PE","contractDisplayName":"NIFTY 10 Aug '23 - 20750 Put","longDisplayName":"NIFTY 10 Aug 20750 Put","token":"47957","marketLot":50,"exchange":"NSE"}},{"strikePrice":2080000,"callOption":{"open":2.65,"high":3.45,"low":2.25,"close":2.55,"ltp":2.65,"dayChange":0.10000000000000009,"dayChangePerc":3.921568627450984,"lowPriceRange":0.05,"highPriceRange":18.5,"volume":202850,"lowTradeRange":0.05,"highTradeRange":22.55,"totalBuyQty":28450,"totalSellQty":22700,"openInterest":1960,"prevOpenInterest":1431,"lastTradeQty":50,"lastTradeTime":1690950593,"growwContractId":"NIFTY2381020800CE","contractDisplayName":"NIFTY 10 Aug '23 - 20800 Call","longDisplayName":"NIFTY 10 Aug 20800 Call","token":"47958","marketLot":50,"exchange":"NSE"},"putOption":{"open":1128.45,"high":1283.2,"low":1128.45,"close":1229.85,"ltp":1283.2,"dayChange":53.350000000000136,"dayChangePerc":4.337927389519058,"lowPriceRange":379.15,"highPriceRange":1780.4,"volume":200,"lowTradeRange":743.7,"highTradeRange":1735.3,"totalBuyQty":4800,"totalSellQty":4800,"openInterest":2,"prevOpenInterest":0,"lastTradeQty":100,"lastTradeTime":1690950593,"growwContractId":"NIFTY2381020800PE","contractDisplayName":"NIFTY 10 Aug '23 - 20800 Put","longDisplayName":"NIFTY 10 Aug 20800 Put","token":"47963","marketLot":50,"exchange":"NSE"}},{"strikePrice":2085000,"callOption":{"open":2.75,"high":4.3,"low":2.2,"close":2.7,"ltp":2.65,"dayChange":-0.050000000000000266,"dayChangePerc":-1.8518518518518614,"lowPriceRange":0.05,"highPriceRange":15.4,"volume":19900,"lowTradeRange":0.05,"highTradeRange":22.65,"totalBuyQty":19650,"totalSellQty":18150,"openInterest":258,"prevOpenInterest":239,"lastTradeQty":100,"lastTradeTime":1690950593,"growwContractId":"NIFTY2381020850CE","contractDisplayName":"NIFTY 10 Aug '23 - 20850 Call","longDisplayName":"NIFTY 10 Aug 20850 Call","token":"47964","marketLot":50,"exchange":"NSE"},"putOption":{"open":0,"high":0,"low":0,"close":1063.25,"ltp":1083.95,"dayChange":20.700000000000045,"dayChangePerc":1.9468610392664045,"lowPriceRange":424.85,"highPriceRange":1831.85,"volume":0,"lowTradeRange":769.65,"highTradeRange":1795.8,"totalBuyQty":3400,"totalSellQty":3300,"openInterest":2,"prevOpenInterest":2,"lastTradeQty":100,"lastTradeTime":1690950598,"growwContractId":"NIFTY2381020850PE","contractDisplayName":"NIFTY 10 Aug '23 - 20850 Put","longDisplayName":"NIFTY 10 Aug 20850 Put","token":"47965","marketLot":50,"exchange":"NSE"}},{"strikePrice":2090000,"callOption":{"open":2.5,"high":3.3,"low":2.35,"close":2.5,"ltp":2.55,"dayChange":0.04999999999999982,"dayChangePerc":1.9999999999999927,"lowPriceRange":0.05,"highPriceRange":12.5,"volume":58700,"lowTradeRange":0.05,"highTradeRange":22.45,"totalBuyQty":24750,"totalSellQty":15900,"openInterest":998,"prevOpenInterest":827,"lastTradeQty":50,"lastTradeTime":1690950593,"growwContractId":"NIFTY2381020900CE","contractDisplayName":"NIFTY 10 Aug '23 - 20900 Call","longDisplayName":"NIFTY 10 Aug 20900 Call","token":"47968","marketLot":50,"exchange":"NSE"},"putOption":{"open":0,"high":0,"low":0,"close":1123.55,"ltp":1133.05,"dayChange":9.5,"dayChangePerc":0.8455342441368876,"lowPriceRange":471.25,"highPriceRange":1883,"volume":0,"lowTradeRange":799.5,"highTradeRange":1865.45,"totalBuyQty":4600,"totalSellQty":3300,"openInterest":2,"prevOpenInterest":2,"lastTradeQty":100,"lastTradeTime":1690950593,"growwContractId":"NIFTY2381020900PE","contractDisplayName":"NIFTY 10 Aug '23 - 20900 Put","longDisplayName":"NIFTY 10 Aug 20900 Put","token":"47969","marketLot":50,"exchange":"NSE"}},{"strikePrice":2095000,"callOption":{"open":2.5,"high":4,"low":1.85,"close":2.6,"ltp":2.4,"dayChange":-0.20000000000000018,"dayChangePerc":-7.692307692307699,"lowPriceRange":0.05,"highPriceRange":10.5,"volume":35200,"lowTradeRange":0.05,"highTradeRange":22.4,"totalBuyQty":26400,"totalSellQty":14950,"openInterest":281,"prevOpenInterest":285,"lastTradeQty":50,"lastTradeTime":1690950593,"growwContractId":"NIFTY2381020950CE","contractDisplayName":"NIFTY 10 Aug '23 - 20950 Call","longDisplayName":"NIFTY 10 Aug 20950 Call","token":"47970","marketLot":50,"exchange":"NSE"},"putOption":{"open":0,"high":0,"low":0,"close":1362,"ltp":1182.35,"dayChange":-179.6500000000001,"dayChangePerc":-13.19016152716594,"lowPriceRange":518.4,"highPriceRange":1933.95,"volume":0,"lowTradeRange":829.35,"highTradeRange":1935.1,"totalBuyQty":3100,"totalSellQty":3100,"openInterest":0,"prevOpenInterest":0,"lastTradeQty":0,"lastTradeTime":1690950598,"growwContractId":"NIFTY2381020950PE","contractDisplayName":"NIFTY 10 Aug '23 - 20950 Put","longDisplayName":"NIFTY 10 Aug 20950 Put","token":"47971","marketLot":50,"exchange":"NSE"}},{"strikePrice":2100000,"callOption":{"open":2.45,"high":3.25,"low":2.15,"close":2.55,"ltp":2.2,"dayChange":-0.34999999999999964,"dayChangePerc":-13.725490196078418,"lowPriceRange":0.05,"highPriceRange":8.75,"volume":549500,"lowTradeRange":0.05,"highTradeRange":22.2,"totalBuyQty":50750,"totalSellQty":24100,"openInterest":7408,"prevOpenInterest":6772,"lastTradeQty":1350,"lastTradeTime":1690950595,"growwContractId":"NIFTY2381021000CE","contractDisplayName":"NIFTY 10 Aug '23 - 21000 Call","longDisplayName":"NIFTY 10 Aug 21000 Call","token":"47972","marketLot":50,"exchange":"NSE"},"putOption":{"open":1321.3,"high":1525,"low":1321.3,"close":1250,"ltp":1450,"dayChange":200,"dayChangePerc":16,"lowPriceRange":566.1,"highPriceRange":1984.65,"volume":4150,"lowTradeRange":865.15,"highTradeRange":2018.7,"totalBuyQty":7100,"totalSellQty":6900,"openInterest":93,"prevOpenInterest":23,"lastTradeQty":50,"lastTradeTime":1690950598,"growwContractId":"NIFTY2381021000PE","contractDisplayName":"NIFTY 10 Aug '23 - 21000 Put","longDisplayName":"NIFTY 10 Aug 21000 Put","token":"47973","marketLot":50,"exchange":"NSE"}},{"strikePrice":2105000,"callOption":{"open":2.35,"high":3.25,"low":1.7,"close":2.3,"ltp":2.3,"dayChange":0,"dayChangePerc":0,"lowPriceRange":0.05,"highPriceRange":7.1,"volume":8600,"lowTradeRange":0.05,"highTradeRange":22.25,"totalBuyQty":18600,"totalSellQty":13000,"openInterest":47,"prevOpenInterest":49,"lastTradeQty":100,"lastTradeTime":1690950595,"growwContractId":"NIFTY2381021050CE","contractDisplayName":"NIFTY 10 Aug '23 - 21050 Call","longDisplayName":"NIFTY 10 Aug 21050 Call","token":"47976","marketLot":50,"exchange":"NSE"},"putOption":{"open":0,"high":0,"low":0,"close":1452.1,"ltp":1281.3,"dayChange":-170.79999999999995,"dayChangePerc":-11.762275325390812,"lowPriceRange":614.25,"highPriceRange":2035.2,"volume":0,"lowTradeRange":889.15,"highTradeRange":2074.7,"totalBuyQty":4250,"totalSellQty":4250,"openInterest":0,"prevOpenInterest":0,"lastTradeQty":0,"lastTradeTime":1690950565,"growwContractId":"NIFTY2381021050PE","contractDisplayName":"NIFTY 10 Aug '23 - 21050 Put","longDisplayName":"NIFTY 10 Aug 21050 Put","token":"47977","marketLot":50,"exchange":"NSE"}},{"strikePrice":2110000,"callOption":{"open":2.2,"high":3.15,"low":2,"close":2.25,"ltp":2.1,"dayChange":-0.1499999999999999,"dayChangePerc":-6.6666666666666625,"lowPriceRange":0.05,"highPriceRange":5.9,"volume":53100,"lowTradeRange":0.05,"highTradeRange":22.1,"totalBuyQty":20200,"totalSellQty":13150,"openInterest":293,"prevOpenInterest":302,"lastTradeQty":50,"lastTradeTime":1690950595,"growwContractId":"NIFTY2381021100CE","contractDisplayName":"NIFTY 10 Aug '23 - 21100 Call","longDisplayName":"NIFTY 10 Aug 21100 Call","token":"47982","marketLot":50,"exchange":"NSE"},"putOption":{"open":0,"high":0,"low":0,"close":1497.7,"ltp":1330.9,"dayChange":-166.79999999999995,"dayChangePerc":-11.137076851171793,"lowPriceRange":662.7,"highPriceRange":2085.65,"volume":0,"lowTradeRange":919.1,"highTradeRange":2144.55,"totalBuyQty":4250,"totalSellQty":4250,"openInterest":0,"prevOpenInterest":0,"lastTradeQty":0,"lastTradeTime":1690950565,"growwContractId":"NIFTY2381021100PE","contractDisplayName":"NIFTY 10 Aug '23 - 21100 Put","longDisplayName":"NIFTY 10 Aug 21100 Put","token":"47983","marketLot":50,"exchange":"NSE"}},{"strikePrice":2115000,"callOption":{"open":2.25,"high":4.1,"low":2.05,"close":2.2,"ltp":2.25,"dayChange":0.04999999999999982,"dayChangePerc":2.2727272727272645,"lowPriceRange":0.05,"highPriceRange":5.2,"volume":11850,"lowTradeRange":0.05,"highTradeRange":22.25,"totalBuyQty":20100,"totalSellQty":10750,"openInterest":61,"prevOpenInterest":60,"lastTradeQty":50,"lastTradeTime":1690950599,"growwContractId":"NIFTY2381021150CE","contractDisplayName":"NIFTY 10 Aug '23 - 21150 Call","longDisplayName":"NIFTY 10 Aug 21150 Call","token":"47984","marketLot":50,"exchange":"NSE"},"putOption":{"open":0,"high":0,"low":0,"close":1543.65,"ltp":1380.6,"dayChange":-163.05000000000018,"dayChangePerc":-10.562627538625994,"lowPriceRange":711.55,"highPriceRange":2135.95,"volume":0,"lowTradeRange":949,"highTradeRange":2214.35,"totalBuyQty":4250,"totalSellQty":4250,"openInterest":0,"prevOpenInterest":0,"lastTradeQty":0,"lastTradeTime":1690950566,"growwContractId":"NIFTY2381021150PE","contractDisplayName":"NIFTY 10 Aug '23 - 21150 Put","longDisplayName":"NIFTY 10 Aug 21150 Put","token":"47985","marketLot":50,"exchange":"NSE"}},{"strikePrice":2120000,"callOption":{"open":2.05,"high":3.15,"low":1.55,"close":2.15,"ltp":2.15,"dayChange":0,"dayChangePerc":0,"lowPriceRange":0.05,"highPriceRange":5.15,"volume":79800,"lowTradeRange":0.05,"highTradeRange":22.1,"totalBuyQty":23250,"totalSellQty":11650,"openInterest":243,"prevOpenInterest":267,"lastTradeQty":500,"lastTradeTime":1690950585,"growwContractId":"NIFTY2381021200CE","contractDisplayName":"NIFTY 10 Aug '23 - 21200 Call","longDisplayName":"NIFTY 10 Aug 21200 Call","token":"47986","marketLot":50,"exchange":"NSE"},"putOption":{"open":0,"high":0,"low":0,"close":1589.9,"ltp":1430.35,"dayChange":-159.55000000000018,"dayChangePerc":-10.035222341027747,"lowPriceRange":760.6,"highPriceRange":2186.2,"volume":0,"lowTradeRange":978.95,"highTradeRange":2284.2,"totalBuyQty":4250,"totalSellQty":4250,"openInterest":0,"prevOpenInterest":0,"lastTradeQty":0,"lastTradeTime":1690950566,"growwContractId":"NIFTY2381021200PE","contractDisplayName":"NIFTY 10 Aug '23 - 21200 Put","longDisplayName":"NIFTY 10 Aug 21200 Put","token":"47987","marketLot":50,"exchange":"NSE"}},{"strikePrice":2125000,"callOption":{"open":2.2,"high":3.6,"low":2.05,"close":2.15,"ltp":2.2,"dayChange":0.050000000000000266,"dayChangePerc":2.32558139534885,"lowPriceRange":0.05,"highPriceRange":5.15,"volume":19350,"lowTradeRange":0.05,"highTradeRange":22.25,"totalBuyQty":23900,"totalSellQty":12300,"openInterest":166,"prevOpenInterest":73,"lastTradeQty":50,"lastTradeTime":1690950599,"growwContractId":"NIFTY2381021250CE","contractDisplayName":"NIFTY 10 Aug '23 - 21250 Call","longDisplayName":"NIFTY 10 Aug 21250 Call","token":"47988","marketLot":50,"exchange":"NSE"},"putOption":{"open":0,"high":0,"low":0,"close":1636.45,"ltp":1480.15,"dayChange":-156.29999999999995,"dayChangePerc":-9.551162577530627,"lowPriceRange":809.9,"highPriceRange":2236.35,"volume":0,"lowTradeRange":1008.9,"highTradeRange":2354.1,"totalBuyQty":4250,"totalSellQty":4250,"openInterest":0,"prevOpenInterest":0,"lastTradeQty":0,"lastTradeTime":1690950566,"growwContractId":"NIFTY2381021250PE","contractDisplayName":"NIFTY 10 Aug '23 - 21250 Put","longDisplayName":"NIFTY 10 Aug 21250 Put","token":"47989","marketLot":50,"exchange":"NSE"}},{"strikePrice":2130000,"callOption":{"open":2.3,"high":3.45,"low":1.8,"close":2.15,"ltp":2.05,"dayChange":-0.10000000000000009,"dayChangePerc":-4.651162790697678,"lowPriceRange":0.05,"highPriceRange":5.15,"volume":38600,"lowTradeRange":0.05,"highTradeRange":22.05,"totalBuyQty":19600,"totalSellQty":12000,"openInterest":263,"prevOpenInterest":192,"lastTradeQty":100,"lastTradeTime":1690950594,"growwContractId":"NIFTY2381021300CE","contractDisplayName":"NIFTY 10 Aug '23 - 21300 Call","longDisplayName":"NIFTY 10 Aug 21300 Call","token":"47992","marketLot":50,"exchange":"NSE"},"putOption":{"open":0,"high":0,"low":0,"close":1683.25,"ltp":1529.95,"dayChange":-153.29999999999995,"dayChangePerc":-9.107381553542252,"lowPriceRange":859.3,"highPriceRange":2286.4,"volume":0,"lowTradeRange":1038.85,"highTradeRange":2424,"totalBuyQty":4250,"totalSellQty":4250,"openInterest":0,"prevOpenInterest":0,"lastTradeQty":0,"lastTradeTime":1690950566,"growwContractId":"NIFTY2381021300PE","contractDisplayName":"NIFTY 10 Aug '23 - 21300 Put","longDisplayName":"NIFTY 10 Aug 21300 Put","token":"47993","marketLot":50,"exchange":"NSE"}},{"strikePrice":2135000,"callOption":{"open":2.15,"high":3.05,"low":1.4,"close":1.95,"ltp":2,"dayChange":0.050000000000000044,"dayChangePerc":2.5641025641025665,"lowPriceRange":0.05,"highPriceRange":4.95,"volume":59400,"lowTradeRange":0.05,"highTradeRange":22,"totalBuyQty":21900,"totalSellQty":12000,"openInterest":124,"prevOpenInterest":79,"lastTradeQty":50,"lastTradeTime":1690950599,"growwContractId":"NIFTY2381021350CE","contractDisplayName":"NIFTY 10 Aug '23 - 21350 Call","longDisplayName":"NIFTY 10 Aug 21350 Call","token":"47994","marketLot":50,"exchange":"NSE"},"putOption":{"open":0,"high":0,"low":0,"close":1730.3,"ltp":1579.8,"dayChange":-150.5,"dayChangePerc":-8.697913656591343,"lowPriceRange":908.85,"highPriceRange":2336.5,"volume":0,"lowTradeRange":1068.8,"highTradeRange":2493.85,"totalBuyQty":4250,"totalSellQty":4250,"openInterest":0,"prevOpenInterest":0,"lastTradeQty":0,"lastTradeTime":1690950566,"growwContractId":"NIFTY2381021350PE","contractDisplayName":"NIFTY 10 Aug '23 - 21350 Put","longDisplayName":"NIFTY 10 Aug 21350 Put","token":"47995","marketLot":50,"exchange":"NSE"}},{"strikePrice":2140000,"callOption":{"open":1.6,"high":2.95,"low":1.6,"close":1.75,"ltp":1.85,"dayChange":0.10000000000000009,"dayChangePerc":5.71428571428572,"lowPriceRange":0.05,"highPriceRange":4.75,"volume":70800,"lowTradeRange":0.05,"highTradeRange":22.15,"totalBuyQty":24800,"totalSellQty":11700,"openInterest":350,"prevOpenInterest":174,"lastTradeQty":50,"lastTradeTime":1690950599,"growwContractId":"NIFTY2381021400CE","contractDisplayName":"NIFTY 10 Aug '23 - 21400 Call","longDisplayName":"NIFTY 10 Aug 21400 Call","token":"47996","marketLot":50,"exchange":"NSE"},"putOption":{"open":0,"high":0,"low":0,"close":1777.55,"ltp":1629.65,"dayChange":-147.89999999999986,"dayChangePerc":-8.320441056510358,"lowPriceRange":958.45,"highPriceRange":2386.5,"volume":0,"lowTradeRange":1098.75,"highTradeRange":2563.7,"totalBuyQty":4250,"totalSellQty":4250,"openInterest":0,"prevOpenInterest":0,"lastTradeQty":0,"lastTradeTime":1690950566,"growwContractId":"NIFTY2381021400PE","contractDisplayName":"NIFTY 10 Aug '23 - 21400 Put","longDisplayName":"NIFTY 10 Aug 21400 Put","token":"47997","marketLot":50,"exchange":"NSE"}},{"strikePrice":2145000,"callOption":{"open":1.7,"high":4.5,"low":1.7,"close":1.7,"ltp":2,"dayChange":0.30000000000000004,"dayChangePerc":17.647058823529417,"lowPriceRange":0.05,"highPriceRange":4.7,"volume":41500,"lowTradeRange":0.05,"highTradeRange":22,"totalBuyQty":86000,"totalSellQty":20600,"openInterest":451,"prevOpenInterest":175,"lastTradeQty":250,"lastTradeTime":1690950594,"growwContractId":"NIFTY2381021450CE","contractDisplayName":"NIFTY 10 Aug '23 - 21450 Call","longDisplayName":"NIFTY 10 Aug 21450 Call","token":"47998","marketLot":50,"exchange":"NSE"},"putOption":{"open":0,"high":0,"low":0,"close":1825.05,"ltp":1679.5,"dayChange":-145.54999999999995,"dayChangePerc":-7.975123969206321,"lowPriceRange":1008.15,"highPriceRange":2436.45,"volume":0,"lowTradeRange":1128.7,"highTradeRange":2633.65,"totalBuyQty":4250,"totalSellQty":4250,"openInterest":0,"prevOpenInterest":0,"lastTradeQty":0,"lastTradeTime":1690950567,"growwContractId":"NIFTY2381021450PE","contractDisplayName":"NIFTY 10 Aug '23 - 21450 Put","longDisplayName":"NIFTY 10 Aug 21450 Put","token":"47999","marketLot":50,"exchange":"NSE"}},{"strikePrice":2150000,"callOption":{"open":1.7,"high":2.8,"low":1.6,"close":1.65,"ltp":2,"dayChange":0.3500000000000001,"dayChangePerc":21.212121212121218,"lowPriceRange":0.05,"highPriceRange":4.65,"volume":778450,"lowTradeRange":0.05,"highTradeRange":22,"totalBuyQty":132600,"totalSellQty":19250,"openInterest":9030,"prevOpenInterest":4011,"lastTradeQty":400,"lastTradeTime":1690950599,"growwContractId":"NIFTY2381021500CE","contractDisplayName":"NIFTY 10 Aug '23 - 21500 Call","longDisplayName":"NIFTY 10 Aug 21500 Call","token":"48000","marketLot":50,"exchange":"NSE"},"putOption":{"open":0,"high":0,"low":0,"close":1811.75,"ltp":1729.4,"dayChange":-82.34999999999991,"dayChangePerc":-4.5453291016972495,"lowPriceRange":1057.9,"highPriceRange":2486.45,"volume":0,"lowTradeRange":1158.65,"highTradeRange":2703.5,"totalBuyQty":5900,"totalSellQty":5900,"openInterest":20,"prevOpenInterest":20,"lastTradeQty":250,"lastTradeTime":1690950599,"growwContractId":"NIFTY2381021500PE","contractDisplayName":"NIFTY 10 Aug '23 - 21500 Put","longDisplayName":"NIFTY 10 Aug 21500 Put","token":"48008","marketLot":50,"exchange":"NSE"}}],"expiryDetailsDto":{"expiryDates":["2023-08-03","2023-08-10","2023-08-17","2023-08-24","2023-08-31","2023-09-28","2023-10-26"],"currentExpiry":"2023-08-10","expiryLotSize":50}}