{"optionChains":[{"strikePrice":1715000,"callOption":{"open":0,"high":0,"low":0,"close":1779.85,"ltp":2590.15,"dayChange":810.3000000000002,"dayChangePerc":45.52630839677502,"lowPriceRange":1869.25,"highPriceRange":3261.95,"volume":0,"lowTradeRange":1436.8,"highTradeRange":3352.55,"totalBuyQty":8100,"totalSellQty":9600,"openInterest":0,"prevOpenInterest":0,"lastTradeQty":0,"lastTradeTime":1690950513,"growwContractId":"NIFTY2380317150CE","contractDisplayName":"NIFTY 03 Aug '23 - 17150 Call","longDisplayName":"NIFTY 03 Aug 17150 Call","token":"58183","marketLot":50,"exchange":"NSE"},"putOption":{"open":0.5,"high":0.5,"low":0.2,"close":0.45,"ltp":0.2,"dayChange":-0.25,"dayChangePerc":-55.55555555555556,"lowPriceRange":0.05,"highPriceRange":14.75,"volume":1054300,"lowTradeRange":0.05,"highTradeRange":20.25,"totalBuyQty":852100,"totalSellQty":344300,"openInterest":8591,"prevOpenInterest":11432,"lastTradeQty":100,"lastTradeTime":1690950598,"growwContractId":"NIFTY2380317150PE","contractDisplayName":"NIFTY 03 Aug '23 - 17150 Put","longDisplayName":"NIFTY 03 Aug 17150 Put","token":"58186","marketLot":50,"exchange":"NSE"}},{"strikePrice":1720000,"callOption":{"open":0,"high":0,"low":0,"close":2443.15,"ltp":2540.2,"dayChange":97.04999999999973,"dayChangePerc":3.9723308024476482,"lowPriceRange":1819.95,"highPriceRange":3212,"volume":0,"lowTradeRange":1406.85,"highTradeRange":3282.65,"totalBuyQty":8100,"totalSellQty":9600,"openInterest":8,"prevOpenInterest":8,"lastTradeQty":50,"lastTradeTime":1690950595,"growwContractId":"NIFTY2380317200CE","contractDisplayName":"NIFTY 03 Aug '23 - 17200 Call","longDisplayName":"NIFTY 03 Aug 17200 Call","token":"58194","marketLot":50,"exchange":"NSE"},"putOption":{"open":0.45,"high":0.45,"low":0.2,"close":0.45,"ltp":0.2,"dayChange":-0.25,"dayChangePerc":-55.55555555555556,"lowPriceRange":0.05,"highPriceRange":13.7,"volume":1161700,"lowTradeRange":0.05,"highTradeRange":20.2,"totalBuyQty":1096600,"totalSellQty":227650,"openInterest":7368,"prevOpenInterest":8913,"lastTradeQty":100,"lastTradeTime":1690950596,"growwContractId":"NIFTY2380317200PE","contractDisplayName":"NIFTY 03 Aug '23 - 17200 Put","longDisplayName":"NIFTY 03 Aug 17200 Put","token":"58195","marketLot":50,"exchange":"NSE"}},{"strikePrice":1725000,"callOption":{"open":0,"high":0,"low":0,"close":1685.75,"ltp":2490.2,"dayChange":804.4499999999998,"dayChangePerc":47.72059913984872,"lowPriceRange":1770.35,"highPriceRange":3162,"volume":0,"lowTradeRange":1376.9,"highTradeRange":3212.75,"totalBuyQty":9600,"totalSellQty":9600,"openInterest":0,"prevOpenInterest":0,"lastTradeQty":0,"lastTradeTime":1690950596,"growwContractId":"NIFTY2380317250CE","contractDisplayName":"NIFTY 03 Aug '23 - 17250 Call","longDisplayName":"NIFTY 03 Aug 17250 Call","token":"58723","marketLot":50,"exchange":"NSE"},"putOption":{"open":0.4,"high":0.4,"low":0.2,"close":0.4,"ltp":0.2,"dayChange":-0.2,"dayChangePerc":-50,"lowPriceRange":0.05,"highPriceRange":13.35,"volume":815650,"lowTradeRange":0.05,"highTradeRange":20.2,"totalBuyQty":636700,"totalSellQty":280400,"openInterest":5982,"prevOpenInterest":7113,"lastTradeQty":300,"lastTradeTime":1690950596,"growwContractId":"NIFTY2380317250PE","contractDisplayName":"NIFTY 03 Aug '23 - 17250 Put","longDisplayName":"NIFTY 03 Aug 17250 Put","token":"58724","marketLot":50,"exchange":"NSE"}},{"strikePrice":1730000,"callOption":{"open":0,"high":0,"low":0,"close":2380,"ltp":2440.2,"dayChange":60.19999999999982,"dayChangePerc":2.5294117647058747,"lowPriceRange":1720.75,"highPriceRange":3112,"volume":0,"lowTradeRange":1346.95,"highTradeRange":3142.8,"totalBuyQty":8100,"totalSellQty":9600,"openInterest":3,"prevOpenInterest":3,"lastTradeQty":50,"lastTradeTime":1690950595,"growwContractId":"NIFTY2380317300CE","contractDisplayName":"NIFTY 03 Aug '23 - 17300 Call","longDisplayName":"NIFTY 03 Aug 17300 Call","token":"58895","marketLot":50,"exchange":"NSE"},"putOption":{"open":0.4,"high":0.45,"low":0.2,"close":0.45,"ltp":0.2,"dayChange":-0.25,"dayChangePerc":-55.55555555555556,"lowPriceRange":0.05,"highPriceRange":14,"volume":273450,"lowTradeRange":0.05,"highTradeRange":20.2,"totalBuyQty":612150,"totalSellQty":137050,"openInterest":2563,"prevOpenInterest":2541,"lastTradeQty":50,"lastTradeTime":1690950599,"growwContractId":"NIFTY2380317300PE","contractDisplayName":"NIFTY 03 Aug '23 - 17300 Put","longDisplayName":"NIFTY 03 Aug 17300 Put","token":"58896","marketLot":50,"exchange":"NSE"}},{"strikePrice":1735000,"callOption":{"open":0,"high":0,"low":0,"close":2365,"ltp":2390.25,"dayChange":25.25,"dayChangePerc":1.0676532769556026,"lowPriceRange":1671.5,"highPriceRange":3062.05,"volume":0,"lowTradeRange":1317,"highTradeRange":3072.95,"totalBuyQty":8100,"totalSellQty":9600,"openInterest":1,"prevOpenInterest":1,"lastTradeQty":50,"lastTradeTime":1690950329,"growwContractId":"NIFTY2380317350CE","contractDisplayName":"NIFTY 03 Aug '23 - 17350 Call","longDisplayName":"NIFTY 03 Aug 17350 Call","token":"61271","marketLot":50,"exchange":"NSE"},"putOption":{"open":0.4,"high":0.45,"low":0.2,"close":0.4,"ltp":0.2,"dayChange":-0.2,"dayChangePerc":-50,"lowPriceRange":0.05,"highPriceRange":14.6,"volume":358600,"lowTradeRange":0.05,"highTradeRange":20.2,"totalBuyQty":566850,"totalSellQty":231400,"openInterest":3730,"prevOpenInterest":4066,"lastTradeQty":50,"lastTradeTime":1690950583,"growwContractId":"NIFTY2380317350PE","contractDisplayName":"NIFTY 03 Aug '23 - 17350 Put","longDisplayName":"NIFTY 03 Aug 17350 Put","token":"61272","marketLot":50,"exchange":"NSE"}},{"strikePrice":1740000,"callOption":{"open":0,"high":0,"low":0,"close":1546.75,"ltp":2340.25,"dayChange":793.5,"dayChangePerc":51.301115241635685,"lowPriceRange":1621.95,"highPriceRange":3012.05,"volume":0,"lowTradeRange":1287,"highTradeRange":3003,"totalBuyQty":8100,"totalSellQty":9600,"openInterest":0,"prevOpenInterest":0,"lastTradeQty":0,"lastTradeTime":1690950329,"growwContractId":"NIFTY2380317400CE","contractDisplayName":"NIFTY 03 Aug '23 - 17400 Call","longDisplayName":"NIFTY 03 Aug 17400 Call","token":"67149","marketLot":50,"exchange":"NSE"},"putOption":{"open":0.35,"high":0.45,"low":0.2,"close":0.45,"ltp":0.2,"dayChange":-0.25,"dayChangePerc":-55.55555555555556,"lowPriceRange":0.05,"highPriceRange":15.05,"volume":274400,"lowTradeRange":0.05,"highTradeRange":20.2,"totalBuyQty":678400,"totalSellQty":93600,"openInterest":1928,"prevOpenInterest":2048,"lastTradeQty":50,"lastTradeTime":1690950593,"growwContractId":"NIFTY2380317400PE","contractDisplayName":"NIFTY 03 Aug '23 - 17400 Put","longDisplayName":"NIFTY 03 Aug 17400 Put","token":"67150","marketLot":50,"exchange":"NSE"}},{"strikePrice":1745000,"callOption":{"open":0,"high":0,"low":0,"close":2400,"ltp":2290.25,"dayChange":-109.75,"dayChangePerc":-4.572916666666667,"lowPriceRange":1572.4,"highPriceRange":2962.05,"volume":0,"lowTradeRange":1257.05,"highTradeRange":2933.1,"totalBuyQty":8100,"totalSellQty":9600,"openInterest":0,"prevOpenInterest":0,"lastTradeQty":50,"lastTradeTime":1690950599,"growwContractId":"NIFTY2380317450CE","contractDisplayName":"NIFTY 03 Aug '23 - 17450 Call","longDisplayName":"NIFTY 03 Aug 17450 Call","token":"72837","marketLot":50,"exchange":"NSE"},"putOption":{"open":0.4,"high":0.45,"low":0.2,"close":0.4,"ltp":0.2,"dayChange":-0.2,"dayChangePerc":-50,"lowPriceRange":0.05,"highPriceRange":14.7,"volume":558700,"lowTradeRange":0.05,"highTradeRange":20.2,"totalBuyQty":590500,"totalSellQty":183200,"openInterest":4601,"prevOpenInterest":4843,"lastTradeQty":100,"lastTradeTime":1690950596,"growwContractId":"NIFTY2380317450PE","contractDisplayName":"NIFTY 03 Aug '23 - 17450 Put","longDisplayName":"NIFTY 03 Aug 17450 Put","token":"72840","marketLot":50,"exchange":"NSE"}},{"strikePrice":1750000,"callOption":{"open":2135,"high":2135.35,"low":1940,"close":2235,"ltp":1940,"dayChange":-295,"dayChangePerc":-13.19910514541387,"lowPriceRange":1477.8,"highPriceRange":2906.8,"volume":1600,"lowTradeRange":1225.05,"highTradeRange":2858.4,"totalBuyQty":12750,"totalSellQty":8850,"openInterest":203,"prevOpenInterest":234,"lastTradeQty":50,"lastTradeTime":1690950599,"growwContractId":"NIFTY2380317500CE","contractDisplayName":"NIFTY 03 Aug '23 - 17500 Call","longDisplayName":"NIFTY 03 Aug 17500 Call","token":"76258","marketLot":50,"exchange":"NSE"},"putOption":{"open":0.45,"high":0.6,"low":0.25,"close":0.6,"ltp":0.3,"dayChange":-0.3,"dayChangePerc":-50,"lowPriceRange":0.05,"highPriceRange":16.3,"volume":4443350,"lowTradeRange":0.05,"highTradeRange":20.3,"totalBuyQty":1399300,"totalSellQty":267800,"openInterest":10732,"prevOpenInterest":14803,"lastTradeQty":200,"lastTradeTime":1690950597,"growwContractId":"NIFTY2380317500PE","contractDisplayName":"NIFTY 03 Aug '23 - 17500 Put","longDisplayName":"NIFTY 03 Aug 17500 Put","token":"76259","marketLot":50,"exchange":"NSE"}},{"strikePrice":1755000,"callOption":{"open":0,"high":0,"low":0,"close":1410.95,"ltp":2190.3,"dayChange":779.3500000000001,"dayChangePerc":55.23583401254475,"lowPriceRange":1473.7,"highPriceRange":2862.1,"volume":0,"lowTradeRange":1197.15,"highTradeRange":2793.35,"totalBuyQty":8100,"totalSellQty":9600,"openInterest":0,"prevOpenInterest":0,"lastTradeQty":0,"lastTradeTime":1690950597,"growwContractId":"NIFTY2380317550CE","contractDisplayName":"NIFTY 03 Aug '23 - 17550 Call","longDisplayName":"NIFTY 03 Aug 17550 Call","token":"82798","marketLot":50,"exchange":"NSE"},"putOption":{"open":0.45,"high":0.5,"low":0.2,"close":0.45,"ltp":0.3,"dayChange":-0.15000000000000002,"dayChangePerc":-33.333333333333336,"lowPriceRange":0.05,"highPriceRange":16.8,"volume":540350,"lowTradeRange":0.05,"highTradeRange":20.25,"totalBuyQty":539950,"totalSellQty":173950,"openInterest":4169,"prevOpenInterest":3621,"lastTradeQty":1750,"lastTradeTime":1690950598,"growwContractId":"NIFTY2380317550PE","contractDisplayName":"NIFTY 03 Aug '23 - 17550 Put","longDisplayName":"NIFTY 03 Aug 17550 Put","token":"82799","marketLot":50,"exchange":"NSE"}},{"strikePrice":1760000,"callOption":{"open":0,"high":0,"low":0,"close":2240,"ltp":2140.35,"dayChange":-99.65000000000009,"dayChangePerc":-4.448660714285718,"lowPriceRange":1424.5,"highPriceRange":2812.15,"volume":0,"lowTradeRange":1167.25,"highTradeRange":2723.6,"totalBuyQty":8100,"totalSellQty":9600,"openInterest":3,"prevOpenInterest":3,"lastTradeQty":100,"lastTradeTime":1690950543,"growwContractId":"NIFTY2380317600CE","contractDisplayName":"NIFTY 03 Aug '23 - 17600 Call","longDisplayName":"NIFTY 03 Aug 17600 Call","token":"82800","marketLot":50,"exchange":"NSE"},"putOption":{"open":0.5,"high":0.5,"low":0.2,"close":0.45,"ltp":0.2,"dayChange":-0.25,"dayChangePerc":-55.55555555555556,"lowPriceRange":0.05,"highPriceRange":16.6,"volume":324500,"lowTradeRange":0.05,"highTradeRange":20.25,"totalBuyQty":677500,"totalSellQty":118300,"openInterest":2737,"prevOpenInterest":2364,"lastTradeQty":1200,"lastTradeTime":1690950598,"growwContractId":"NIFTY2380317600PE","contractDisplayName":"NIFTY 03 Aug '23 - 17600 Put","longDisplayName":"NIFTY 03 Aug 17600 Put","token":"82801","marketLot":50,"exchange":"NSE"}},{"strikePrice":1765000,"callOption":{"open":0,"high":0,"low":0,"close":1322.5,"ltp":2090.35,"dayChange":767.8499999999999,"dayChangePerc":58.060491493383736,"lowPriceRange":1375.05,"highPriceRange":2762.15,"volume":0,"lowTradeRange":1137.3,"highTradeRange":2653.65,"totalBuyQty":8100,"totalSellQty":9600,"openInterest":0,"prevOpenInterest":0,"lastTradeQty":0,"lastTradeTime":1690950597,"growwContractId":"NIFTY2380317650CE","contractDisplayName":"NIFTY 03 Aug '23 - 17650 Call","longDisplayName":"NIFTY 03 Aug 17650 Call","token":"82802","marketLot":50,"exchange":"NSE"},"putOption":{"open":0.35,"high":0.5,"low":0.2,"close":0.45,"ltp":0.25,"dayChange":-0.2,"dayChangePerc":-44.44444444444445,"lowPriceRange":0.05,"highPriceRange":14.8,"volume":293000,"lowTradeRange":0.05,"highTradeRange":20.25,"totalBuyQty":538600,"totalSellQty":104050,"openInterest":1901,"prevOpenInterest":1789,"lastTradeQty":100,"lastTradeTime":1690950596,"growwContractId":"NIFTY2380317650PE","contractDisplayName":"NIFTY 03 Aug '23 - 17650 Put","longDisplayName":"NIFTY 03 Aug 17650 Put","token":"82803","marketLot":50,"exchange":"NSE"}},{"strikePrice":1770000,"callOption":{"open":0,"high":0,"low":0,"close":2125,"ltp":2040.35,"dayChange":-84.65000000000009,"dayChangePerc":-3.98352941176471,"lowPriceRange":1325.6,"highPriceRange":2712.15,"volume":0,"lowTradeRange":1107.3,"highTradeRange":2583.7,"totalBuyQty":8100,"totalSellQty":9600,"openInterest":3,"prevOpenInterest":3,"lastTradeQty":50,"lastTradeTime":1690950599,"growwContractId":"NIFTY2380317700CE","contractDisplayName":"NIFTY 03 Aug '23 - 17700 Call","longDisplayName":"NIFTY 03 Aug 17700 Call","token":"82804","marketLot":50,"exchange":"NSE"},"putOption":{"open":0.55,"high":0.6,"low":0.3,"close":0.5,"ltp":0.3,"dayChange":-0.2,"dayChangePerc":-40,"lowPriceRange":0.05,"highPriceRange":17.95,"volume":169450,"lowTradeRange":0.05,"highTradeRange":20.4,"totalBuyQty":532100,"totalSellQty":72050,"openInterest":800,"prevOpenInterest":593,"lastTradeQty":300,"lastTradeTime":1690950598,"growwContractId":"NIFTY2380317700PE","contractDisplayName":"NIFTY 03 Aug '23 - 17700 Put","longDisplayName":"NIFTY 03 Aug 17700 Put","token":"82805","marketLot":50,"exchange":"NSE"}},{"strikePrice":1775000,"callOption":{"open":0,"high":0,"low":0,"close":1990,"ltp":1990.4,"dayChange":0.40000000000009095,"dayChangePerc":0.020100502512567384,"lowPriceRange":1276.5,"highPriceRange":2662.2,"volume":0,"lowTradeRange":1077.4,"highTradeRange":2513.95,"totalBuyQty":7800,"totalSellQty":7800,"openInterest":20,"prevOpenInterest":20,"lastTradeQty":100,"lastTradeTime":1690950329,"growwContractId":"NIFTY2380317750CE","contractDisplayName":"NIFTY 03 Aug '23 - 17750 Call","longDisplayName":"NIFTY 03 Aug 17750 Call","token":"82806","marketLot":50,"exchange":"NSE"},"putOption":{"open":0.55,"high":0.6,"low":0.25,"close":0.5,"ltp":0.3,"dayChange":-0.2,"dayChangePerc":-40,"lowPriceRange":0.05,"highPriceRange":20.25,"volume":125900,"lowTradeRange":0.05,"highTradeRange":20.3,"totalBuyQty":371400,"totalSellQty":75100,"openInterest":268,"prevOpenInterest":287,"lastTradeQty":100,"lastTradeTime":1690950596,"growwContractId":"NIFTY2380317750PE","contractDisplayName":"NIFTY 03 Aug '23 - 17750 Put","longDisplayName":"NIFTY 03 Aug 17750 Put","token":"82807","marketLot":50,"exchange":"NSE"}},{"strikePrice":1780000,"callOption":{"open":1675,"high":1675,"low":1675,"close":1810,"ltp":1675,"dayChange":-135,"dayChangePerc":-7.458563535911603,"lowPriceRange":1227.15,"highPriceRange":2612.2,"volume":1000,"lowTradeRange":1047.6,"highTradeRange":2444.35,"totalBuyQty":9600,"totalSellQty":9550,"openInterest":149,"prevOpenInterest":149,"lastTradeQty":500,"lastTradeTime":1690950597,"growwContractId":"NIFTY2380317800CE","contractDisplayName":"NIFTY 03 Aug '23 - 17800 Call","longDisplayName":"NIFTY 03 Aug 17800 Call","token":"82808","marketLot":50,"exchange":"NSE"},"putOption":{"open":0.65,"high":0.7,"low":0.25,"close":0.65,"ltp":0.35,"dayChange":-0.30000000000000004,"dayChangePerc":-46.15384615384615,"lowPriceRange":0.05,"highPriceRange":20.5,"volume":226900,"lowTradeRange":0.05,"highTradeRange":20.35,"totalBuyQty":149100,"totalSellQty":74550,"openInterest":2340,"prevOpenInterest":2847,"lastTradeQty":100,"lastTradeTime":1690950598,"growwContractId":"NIFTY2380317800PE","contractDisplayName":"NIFTY 03 Aug '23 - 17800 Put","longDisplayName":"NIFTY 03 Aug 17800 Put","token":"82809","marketLot":50,"exchange":"NSE"}},{"strikePrice":1785000,"callOption":{"open":0,"high":0,"low":0,"close":1890,"ltp":1890.45,"dayChange":0.4500000000000455,"dayChangePerc":0.023809523809526216,"lowPriceRange":1178.1,"highPriceRange":2562.2,"volume":0,"lowTradeRange":1017.55,"highTradeRange":2374.3,"totalBuyQty":8300,"totalSellQty":9800,"openInterest":8,"prevOpenInterest":8,"lastTradeQty":50,"lastTradeTime":1690950596,"growwContractId":"NIFTY2380317850CE","contractDisplayName":"NIFTY 03 Aug '23 - 17850 Call","longDisplayName":"NIFTY 03 Aug 17850 Call","token":"82810","marketLot":50,"exchange":"NSE"},"putOption":{"open":0.55,"high":0.65,"low":0.3,"close":0.6,"ltp":0.35,"dayChange":-0.25,"dayChangePerc":-41.66666666666667,"lowPriceRange":0.05,"highPriceRange":19.85,"volume":86100,"lowTradeRange":0.05,"highTradeRange":20.35,"totalBuyQty":121050,"totalSellQty":84650,"openInterest":390,"prevOpenInterest":214,"lastTradeQty":150,"lastTradeTime":1690950594,"growwContractId":"NIFTY2380317850PE","contractDisplayName":"NIFTY 03 Aug '23 - 17850 Put","longDisplayName":"NIFTY 03 Aug 17850 Put","token":"82811","marketLot":50,"exchange":"NSE"}},{"strikePrice":1790000,"callOption":{"open":0,"high":0,"low":0,"close":1764.95,"ltp":1840.45,"dayChange":75.5,"dayChangePerc":4.27774157908156,"lowPriceRange":1128.75,"highPriceRange":2512.2,"volume":0,"lowTradeRange":987.6,"highTradeRange":2304.35,"totalBuyQty":8550,"totalSellQty":10050,"openInterest":22,"prevOpenInterest":22,"lastTradeQty":50,"lastTradeTime":1690950599,"growwContractId":"NIFTY2380317900CE","contractDisplayName":"NIFTY 03 Aug '23 - 17900 Call","longDisplayName":"NIFTY 03 Aug 17900 Call","token":"82812","marketLot":50,"exchange":"NSE"},"putOption":{"open":0.6,"high":0.75,"low":0.3,"close":0.6,"ltp":0.35,"dayChange":-0.25,"dayChangePerc":-41.66666666666667,"lowPriceRange":0.05,"highPriceRange":20.35,"volume":362900,"lowTradeRange":0.05,"highTradeRange":20.35,"totalBuyQty":195800,"totalSellQty":71900,"openInterest":1469,"prevOpenInterest":1727,"lastTradeQty":150,"lastTradeTime":1690950596,"growwContractId":"NIFTY2380317900PE","contractDisplayName":"NIFTY 03 Aug '23 - 17900 Put","longDisplayName":"NIFTY 03 Aug 17900 Put","token":"82813","marketLot":50,"exchange":"NSE"}},{"strikePrice":1795000,"callOption":{"open":0,"high":0,"low":0,"close":1069.6,"ltp":1790.45,"dayChange":720.8500000000001,"dayChangePerc":67.3943530291698,"lowPriceRange":1079.5,"highPriceRange":2462.2,"volume":0,"lowTradeRange":957.65,"highTradeRange":2234.5,"totalBuyQty":8300,"totalSellQty":9800,"openInterest":0,"prevOpenInterest":0,"lastTradeQty":0,"lastTradeTime":1690950514,"growwContractId":"NIFTY2380317950CE","contractDisplayName":"NIFTY 03 Aug '23 - 17950 Call","longDisplayName":"NIFTY 03 Aug 17950 Call","token":"82814","marketLot":50,"exchange":"NSE"},"putOption":{"open":0.7,"high":0.75,"low":0.25,"close":0.65,"ltp":0.35,"dayChange":-0.30000000000000004,"dayChangePerc":-46.15384615384615,"lowPriceRange":0.05,"highPriceRange":22.5,"volume":272750,"lowTradeRange":0.05,"highTradeRange":20.35,"totalBuyQty":208950,"totalSellQty":83850,"openInterest":943,"prevOpenInterest":584,"lastTradeQty":50,"lastTradeTime":1690950596,"growwContractId":"NIFTY2380317950PE","contractDisplayName":"NIFTY 03 Aug '23 - 17950 Put","longDisplayName":"NIFTY 03 Aug 17950 Put","token":"82815","marketLot":50,"exchange":"NSE"}},{"strikePrice":1800000,"callOption":{"open":1648,"high":1648,"low":1434.75,"close":1737.75,"ltp":1523,"dayChange":-214.75,"dayChangePerc":-12.35793411019997,"lowPriceRange":1005.85,"highPriceRange":2409.5,"volume":4300,"lowTradeRange":913.8,"highTradeRange":2132.2,"totalBuyQty":10650,"totalSellQty":10200,"openInterest":201,"prevOpenInterest":267,"lastTradeQty":100,"lastTradeTime":1690950599,"growwContractId":"NIFTY2380318000CE","contractDisplayName":"NIFTY 03 Aug '23 - 18000 Call","longDisplayName":"NIFTY 03 Aug 18000 Call","token":"82816","marketLot":50,"exchange":"NSE"},"putOption":{"open":0.7,"high":0.75,"low":0.35,"close":0.7,"ltp":0.4,"dayChange":-0.29999999999999993,"dayChangePerc":-42.85714285714285,"lowPriceRange":0.05,"highPriceRange":20.85,"volume":6142800,"lowTradeRange":0.05,"highTradeRange":20.4,"totalBuyQty":1604100,"totalSellQty":531850,"openInterest":45780,"prevOpenInterest":51561,"lastTradeQty":150,"lastTradeTime":1690950596,"growwContractId":"NIFTY2380318000PE","contractDisplayName":"NIFTY 03 Aug '23 - 18000 Put","longDisplayName":"NIFTY 03 Aug 18000 Put","token":"82817","marketLot":50,"exchange":"NSE"}},{"strikePrice":1805000,"callOption":{"open":1479.75,"high":1479.75,"low":1479.75,"close":1581.15,"ltp":1479.75,"dayChange":-101.40000000000009,"dayChangePerc":-6.413053789963007,"lowPriceRange":981.3,"highPriceRange":2362.25,"volume":50,"lowTradeRange":907.45,"highTradeRange":2117.3,"totalBuyQty":8850,"totalSellQty":9000,"openInterest":54,"prevOpenInterest":54,"lastTradeQty":50,"lastTradeTime":1690950598,"growwContractId":"NIFTY2380318050CE","contractDisplayName":"NIFTY 03 Aug '23 - 18050 Call","longDisplayName":"NIFTY 03 Aug 18050 Call","token":"82818","marketLot":50,"exchange":"NSE"},"putOption":{"open":0.7,"high":1.15,"low":0.35,"close":0.7,"ltp":0.35,"dayChange":-0.35,"dayChangePerc":-50,"lowPriceRange":0.05,"highPriceRange":23.25,"volume":318750,"lowTradeRange":0.05,"highTradeRange":20.45,"totalBuyQty":158750,"totalSellQty":81300,"openInterest":864,"prevOpenInterest":618,"lastTradeQty":450,"lastTradeTime":1690950598,"growwContractId":"NIFTY2380318050PE","contractDisplayName":"NIFTY 03 Aug '23 - 18050 Put","longDisplayName":"NIFTY 03 Aug 18050 Put","token":"82819","marketLot":50,"exchange":"NSE"}},{"strikePrice":1810000,"callOption":{"open":0,"high":0,"low":0,"close":1698.05,"ltp":1640.5,"dayChange":-57.549999999999955,"dayChangePerc":-3.3891817084302556,"lowPriceRange":932.15,"highPriceRange":2312.25,"volume":0,"lowTradeRange":867.9,"highTradeRange":2025.05,"totalBuyQty":8500,"totalSellQty":10500,"openInterest":13,"prevOpenInterest":13,"lastTradeQty":50,"lastTradeTime":1690950599,"growwContractId":"NIFTY2380318100CE","contractDisplayName":"NIFTY 03 Aug '23 - 18100 Call","longDisplayName":"NIFTY 03 Aug 18100 Call","token":"82820","marketLot":50,"exchange":"NSE"},"putOption":{"open":0.8,"high":0.85,"low":0.4,"close":0.75,"ltp":0.5,"dayChange":-0.25,"dayChangePerc":-33.33333333333333,"lowPriceRange":0.05,"highPriceRange":23,"volume":629250,"lowTradeRange":0.05,"highTradeRange":20.5,"totalBuyQty":179300,"totalSellQty":73400,"openInterest":3906,"prevOpenInterest":3574,"lastTradeQty":50,"lastTradeTime":1690950595,"growwContractId":"NIFTY2380318100PE","contractDisplayName":"NIFTY 03 Aug '23 - 18100 Put","longDisplayName":"NIFTY 03 Aug 18100 Put","token":"82821","marketLot":50,"exchange":"NSE"}},{"strikePrice":1815000,"callOption":{"open":1400,"high":1400,"low":1400,"close":1635,"ltp":1400,"dayChange":-235,"dayChangePerc":-14.37308868501529,"lowPriceRange":883.35,"highPriceRange":2262.3,"volume":50,"lowTradeRange":835.6,"highTradeRange":1949.65,"totalBuyQty":8900,"totalSellQty":10400,"openInterest":7,"prevOpenInterest":7,"lastTradeQty":50,"lastTradeTime":1690950598,"growwContractId":"NIFTY2380318150CE","contractDisplayName":"NIFTY 03 Aug '23 - 18150 Call","longDisplayName":"NIFTY 03 Aug 18150 Call","token":"82822","marketLot":50,"exchange":"NSE"},"putOption":{"open":0.65,"high":0.85,"low":0.4,"close":0.75,"ltp":0.45,"dayChange":-0.3,"dayChangePerc":-40,"lowPriceRange":0.05,"highPriceRange":23.65,"volume":815050,"lowTradeRange":0.05,"highTradeRange":20.55,"totalBuyQty":113050,"totalSellQty":81350,"openInterest":1315,"prevOpenInterest":760,"lastTradeQty":50,"lastTradeTime":1690950599,"growwContractId":"NIFTY2380318150PE","contractDisplayName":"NIFTY 03 Aug '23 - 18150 Put","longDisplayName":"NIFTY 03 Aug 18150 Put","token":"82823","marketLot":50,"exchange":"NSE"}},{"strikePrice":1820000,"callOption":{"open":1430,"high":1430,"low":1240,"close":1560,"ltp":1240,"dayChange":-320,"dayChangePerc":-20.51282051282051,"lowPriceRange":834.25,"highPriceRange":2212.3,"volume":1050,"lowTradeRange":803.4,"highTradeRange":1874.6,"totalBuyQty":9450,"totalSellQty":10950,"openInterest":92,"prevOpenInterest":109,"lastTradeQty":200,"lastTradeTime":1690950598,"growwContractId":"NIFTY2380318200CE","contractDisplayName":"NIFTY 03 Aug '23 - 18200 Call","longDisplayName":"NIFTY 03 Aug 18200 Call","token":"82824","marketLot":50,"exchange":"NSE"},"putOption":{"open":0.75,"high":0.9,"low":0.4,"close":0.75,"ltp":0.55,"dayChange":-0.19999999999999996,"dayChangePerc":-26.66666666666666,"lowPriceRange":0.05,"highPriceRange":23.05,"volume":1735900,"lowTradeRange":0.05,"highTradeRange":20.55,"totalBuyQty":218200,"totalSellQty":71850,"openInterest":4860,"prevOpenInterest":4735,"lastTradeQty":50,"lastTradeTime":1690950598,"growwContractId":"NIFTY2380318200PE","contractDisplayName":"NIFTY 03 Aug '23 - 18200 Put","longDisplayName":"NIFTY 03 Aug 18200 Put","token":"82825","marketLot":50,"exchange":"NSE"}},{"strikePrice":1825000,"callOption":{"open":0,"high":0,"low":0,"close":1485,"ltp":1490.6,"dayChange":5.599999999999909,"dayChangePerc":0.37710437710437095,"lowPriceRange":785.55,"highPriceRange":2162.35,"volume":0,"lowTradeRange":778.2,"highTradeRange":1815.8,"totalBuyQty":8250,"totalSellQty":10550,"openInterest":18,"prevOpenInterest":18,"lastTradeQty":400,"lastTradeTime":1690950598,"growwContractId":"NIFTY2380318250CE","contractDisplayName":"NIFTY 03 Aug '23 - 18250 Call","longDisplayName":"NIFTY 03 Aug 18250 Call","token":"82826","marketLot":50,"exchange":"NSE"},"putOption":{"open":0.45,"high":1,"low":0.4,"close":0.8,"ltp":0.55,"dayChange":-0.25,"dayChangePerc":-31.25,"lowPriceRange":0.05,"highPriceRange":24.1,"volume":1338350,"lowTradeRange":0.05,"highTradeRange":20.6,"totalBuyQty":234800,"totalSellQty":69900,"openInterest":881,"prevOpenInterest":441,"lastTradeQty":800,"lastTradeTime":1690950599,"growwContractId":"NIFTY2380318250PE","contractDisplayName":"NIFTY 03 Aug '23 - 18250 Put","longDisplayName":"NIFTY 03 Aug 18250 Put","token":"82827","marketLot":50,"exchange":"NSE"}},{"strikePrice":1830000,"callOption":{"open":1326,"high":1326,"low":1235,"close":1435,"ltp":1247,"dayChange":-188,"dayChangePerc":-13.101045296167246,"lowPriceRange":736.6,"highPriceRange":2112.35,"volume":300,"lowTradeRange":747.2,"highTradeRange":1743.45,"totalBuyQty":9800,"totalSellQty":8150,"openInterest":26,"prevOpenInterest":30,"lastTradeQty":50,"lastTradeTime":1690950599,"growwContractId":"NIFTY2380318300CE","contractDisplayName":"NIFTY 03 Aug '23 - 18300 Call","longDisplayName":"NIFTY 03 Aug 18300 Call","token":"82828","marketLot":50,"exchange":"NSE"},"putOption":{"open":0.75,"high":1.05,"low":0.4,"close":0.85,"ltp":0.6,"dayChange":-0.25,"dayChangePerc":-29.411764705882355,"lowPriceRange":0.05,"highPriceRange":24.7,"volume":3171550,"lowTradeRange":0.05,"highTradeRange":20.6,"totalBuyQty":221200,"totalSellQty":71050,"openInterest":8248,"prevOpenInterest":8621,"lastTradeQty":450,"lastTradeTime":1690950598,"growwContractId":"NIFTY2380318300PE","contractDisplayName":"NIFTY 03 Aug '23 - 18300 Put","longDisplayName":"NIFTY 03 Aug 18300 Put","token":"82829","marketLot":50,"exchange":"NSE"}},{"strikePrice":1835000,"callOption":{"open":1090,"high":1090,"low":1090,"close":1405,"ltp":1090,"dayChange":-315,"dayChangePerc":-22.419928825622776,"lowPriceRange":687.65,"highPriceRange":2062.35,"volume":100,"lowTradeRange":715.45,"highTradeRange":1669.3,"totalBuyQty":9050,"totalSellQty":9050,"openInterest":27,"prevOpenInterest":27,"lastTradeQty":100,"lastTradeTime":1690950595,"growwContractId":"NIFTY2380318350CE","contractDisplayName":"NIFTY 03 Aug '23 - 18350 Call","longDisplayName":"NIFTY 03 Aug 18350 Call","token":"82830","marketLot":50,"exchange":"NSE"},"putOption":{"open":0.8,"high":1.05,"low":0.45,"close":0.85,"ltp":0.6,"dayChange":-0.25,"dayChangePerc":-29.411764705882355,"lowPriceRange":0.05,"highPriceRange":27.35,"volume":2293050,"lowTradeRange":0.05,"highTradeRange":20.6,"totalBuyQty":165500,"totalSellQty":71800,"openInterest":1648,"prevOpenInterest":963,"lastTradeQty":50,"lastTradeTime":1690950595,"growwContractId":"NIFTY2380318350PE","contractDisplayName":"NIFTY 03 Aug '23 - 18350 Put","longDisplayName":"NIFTY 03 Aug 18350 Put","token":"82831","marketLot":50,"exchange":"NSE"}},{"strikePrice":1840000,"callOption":{"open":1198,"high":1198,"low":1059,"close":1325,"ltp":1104.35,"dayChange":-220.6500000000001,"dayChangePerc":-16.652830188679253,"lowPriceRange":639.15,"highPriceRange":2012.4,"volume":3450,"lowTradeRange":685.75,"highTradeRange":1600.1,"totalBuyQty":9850,"totalSellQty":10900,"openInterest":182,"prevOpenInterest":235,"lastTradeQty":100,"lastTradeTime":1690950599,"growwContractId":"NIFTY2380318400CE","contractDisplayName":"NIFTY 03 Aug '23 - 18400 Call","longDisplayName":"NIFTY 03 Aug 18400 Call","token":"82832","marketLot":50,"exchange":"NSE"},"putOption":{"open":0.75,"high":1.1,"low":0.5,"close":0.9,"ltp":0.8,"dayChange":-0.09999999999999998,"dayChangePerc":-11.111111111111107,"lowPriceRange":0.05,"highPriceRange":25.5,"volume":5285850,"lowTradeRange":0.05,"highTradeRange":20.7,"totalBuyQty":181250,"totalSellQty":71950,"openInterest":7257,"prevOpenInterest":6948,"lastTradeQty":200,"lastTradeTime":1690950599,"growwContractId":"NIFTY2380318400PE","contractDisplayName":"NIFTY 03 Aug '23 - 18400 Put","longDisplayName":"NIFTY 03 Aug 18400 Put","token":"82833","marketLot":50,"exchange":"NSE"}},{"strikePrice":1845000,"callOption":{"open":0,"high":0,"low":0,"close":1263.75,"ltp":1290.65,"dayChange":26.90000000000009,"dayChangePerc":2.1285855588526283,"lowPriceRange":590.4,"highPriceRange":1962.4,"volume":0,"lowTradeRange":658.65,"highTradeRange":1536.85,"totalBuyQty":8900,"totalSellQty":10250,"openInterest":5,"prevOpenInterest":5,"lastTradeQty":50,"lastTradeTime":1690950598,"growwContractId":"NIFTY2380318450CE","contractDisplayName":"NIFTY 03 Aug '23 - 18450 Call","longDisplayName":"NIFTY 03 Aug 18450 Call","token":"82834","marketLot":50,"exchange":"NSE"},"putOption":{"open":0.65,"high":1.15,"low":0.55,"close":0.95,"ltp":0.8,"dayChange":-0.1499999999999999,"dayChangePerc":-15.789473684210517,"lowPriceRange":0.05,"highPriceRange":27.5,"volume":2807500,"lowTradeRange":0.05,"highTradeRange":20.7,"totalBuyQty":325050,"totalSellQty":71200,"openInterest":2192,"prevOpenInterest":1214,"lastTradeQty":50,"lastTradeTime":1690950598,"growwContractId":"NIFTY2380318450PE","contractDisplayName":"NIFTY 03 Aug '23 - 18450 Put","longDisplayName":"NIFTY 03 Aug 18450 Put","token":"82835","marketLot":50,"exchange":"NSE"}},{"strikePrice":1850000,"callOption":{"open":1150,"high":1152.05,"low":932,"close":1233.45,"ltp":1015.6,"dayChange":-217.85000000000002,"dayChangePerc":-17.66184279865418,"lowPriceRange":476.25,"highPriceRange":1905.2,"volume":13300,"lowTradeRange":609.5,"highTradeRange":1422.15,"totalBuyQty":14000,"totalSellQty":15800,"openInterest":2294,"prevOpenInterest":2330,"lastTradeQty":200,"lastTradeTime":1690950599,"growwContractId":"NIFTY2380318500CE","contractDisplayName":"NIFTY 03 Aug '23 - 18500 Call","longDisplayName":"NIFTY 03 Aug 18500 Call","token":"82836","marketLot":50,"exchange":"NSE"},"putOption":{"open":0.9,"high":1.3,"low":0.6,"close":1,"ltp":0.95,"dayChange":-0.050000000000000044,"dayChangePerc":-5.000000000000004,"lowPriceRange":0.05,"highPriceRange":28.7,"volume":16503500,"lowTradeRange":0.05,"highTradeRange":20.9,"totalBuyQty":988000,"totalSellQty":147950,"openInterest":72084,"prevOpenInterest":53512,"lastTradeQty":50,"lastTradeTime":1690950599,"growwContractId":"NIFTY2380318500PE","contractDisplayName":"NIFTY 03 Aug '23 - 18500 Put","longDisplayName":"NIFTY 03 Aug 18500 Put","token":"82837","marketLot":50,"exchange":"NSE"}},{"strikePrice":1855000,"callOption":{"open":1096,"high":1096,"low":913.6,"close":1226.3,"ltp":913.6,"dayChange":-312.69999999999993,"dayChangePerc":-25.499469950256863,"lowPriceRange":493.5,"highPriceRange":1862.45,"volume":450,"lowTradeRange":595.3,"highTradeRange":1389.05,"totalBuyQty":12450,"totalSellQty":12950,"openInterest":58,"prevOpenInterest":60,"lastTradeQty":100,"lastTradeTime":1690950599,"growwContractId":"NIFTY2380318550CE","contractDisplayName":"NIFTY 03 Aug '23 - 18550 Call","longDisplayName":"NIFTY 03 Aug 18550 Call","token":"82838","marketLot":50,"exchange":"NSE"},"putOption":{"open":1,"high":1.25,"low":0.55,"close":0.95,"ltp":0.8,"dayChange":-0.1499999999999999,"dayChangePerc":-15.789473684210517,"lowPriceRange":0.05,"highPriceRange":27.8,"volume":2973050,"lowTradeRange":0.05,"highTradeRange":20.8,"totalBuyQty":212100,"totalSellQty":70200,"openInterest":2054,"prevOpenInterest":1437,"lastTradeQty":50,"lastTradeTime":1690950599,"growwContractId":"NIFTY2380318550PE","contractDisplayName":"NIFTY 03 Aug '23 - 18550 Put","longDisplayName":"NIFTY 03 Aug 18550 Put","token":"82839","marketLot":50,"exchange":"NSE"}},{"strikePrice":1860000,"callOption":{"open":978.5,"high":978.5,"low":843.3,"close":1130.85,"ltp":934.85,"dayChange":-195.9999999999999,"dayChangePerc":-17.33209532652429,"lowPriceRange":373.65,"highPriceRange":1802.6,"volume":3150,"lowTradeRange":560.95,"highTradeRange":1308.8,"totalBuyQty":14750,"totalSellQty":11150,"openInterest":238,"prevOpenInterest":283,"lastTradeQty":50,"lastTradeTime":1690950599,"growwContractId":"NIFTY2380318600CE","contractDisplayName":"NIFTY 03 Aug '23 - 18600 Call","longDisplayName":"NIFTY 03 Aug 18600 Call","token":"82840","marketLot":50,"exchange":"NSE"},"putOption":{"open":0.9,"high":1.35,"low":0.5,"close":1.05,"ltp":1.05,"dayChange":0,"dayChangePerc":0,"lowPriceRange":0.05,"highPriceRange":29.25,"volume":8081900,"lowTradeRange":0.05,"highTradeRange":20.75,"totalBuyQty":453050,"totalSellQty":140450,"openInterest":21455,"prevOpenInterest":20214,"lastTradeQty":50,"lastTradeTime":1690950599,"growwContractId":"NIFTY2380318600PE","contractDisplayName":"NIFTY 03 Aug '23 - 18600 Put","longDisplayName":"NIFTY 03 Aug 18600 Put","token":"82841","marketLot":50,"exchange":"NSE"}},{"strikePrice":1865000,"callOption":{"open":1000,"high":1000,"low":805,"close":1146,"ltp":805,"dayChange":-341,"dayChangePerc":-29.75567190226876,"lowPriceRange":397.05,"highPriceRange":1762.5,"volume":250,"lowTradeRange":537.5,"highTradeRange":1254.15,"totalBuyQty":12550,"totalSellQty":13950,"openInterest":12,"prevOpenInterest":12,"lastTradeQty":50,"lastTradeTime":1690950599,"growwContractId":"NIFTY2380318650CE","contractDisplayName":"NIFTY 03 Aug '23 - 18650 Call","longDisplayName":"NIFTY 03 Aug 18650 Call","token":"82842","marketLot":50,"exchange":"NSE"},"putOption":{"open":0.95,"high":1.45,"low":0.6,"close":1,"ltp":0.75,"dayChange":-0.25,"dayChangePerc":-25,"lowPriceRange":0.05,"highPriceRange":29.05,"volume":3169100,"lowTradeRange":0.05,"highTradeRange":20.85,"totalBuyQty":191400,"totalSellQty":73950,"openInterest":2451,"prevOpenInterest":2898,"lastTradeQty":50,"lastTradeTime":1690950596,"growwContractId":"NIFTY2380318650PE","contractDisplayName":"NIFTY 03 Aug '23 - 18650 Put","longDisplayName":"NIFTY 03 Aug 18650 Put","token":"82843","marketLot":50,"exchange":"NSE"}},{"strikePrice":1870000,"callOption":{"open":923.35,"high":923.35,"low":741.3,"close":1039.1,"ltp":823.1,"dayChange":-215.9999999999999,"dayChangePerc":-20.787219709363864,"lowPriceRange":334,"highPriceRange":1710.85,"volume":10300,"lowTradeRange":493.9,"highTradeRange":1152.35,"totalBuyQty":11250,"totalSellQty":10550,"openInterest":265,"prevOpenInterest":392,"lastTradeQty":50,"lastTradeTime":1690950599,"growwContractId":"NIFTY2380318700CE","contractDisplayName":"NIFTY 03 Aug '23 - 18700 Call","longDisplayName":"NIFTY 03 Aug 18700 Call","token":"82844","marketLot":50,"exchange":"NSE"},"putOption":{"open":0.85,"high":1.5,"low":0.7,"close":1,"ltp":1.1,"dayChange":0.10000000000000009,"dayChangePerc":10.000000000000009,"lowPriceRange":0.05,"highPriceRange":31.25,"volume":11846650,"lowTradeRange":0.05,"highTradeRange":20.9,"totalBuyQty":369800,"totalSellQty":85950,"openInterest":32174,"prevOpenInterest":17657,"lastTradeQty":50,"lastTradeTime":1690950598,"growwContractId":"NIFTY2380318700PE","contractDisplayName":"NIFTY 03 Aug '23 - 18700 Put","longDisplayName":"NIFTY 03 Aug 18700 Put","token":"82845","marketLot":50,"exchange":"NSE"}},{"strikePrice":1875000,"callOption":{"open":874.1,"high":876.75,"low":691,"close":1016.25,"ltp":770.45,"dayChange":-245.79999999999995,"dayChangePerc":-24.186961869618692,"lowPriceRange":300.75,"highPriceRange":1662.5,"volume":1400,"lowTradeRange":462.3,"highTradeRange":1078.65,"totalBuyQty":9350,"totalSellQty":10800,"openInterest":45,"prevOpenInterest":52,"lastTradeQty":50,"lastTradeTime":1690950599,"growwContractId":"NIFTY2380318750CE","contractDisplayName":"NIFTY 03 Aug '23 - 18750 Call","longDisplayName":"NIFTY 03 Aug 18750 Call","token":"82846","marketLot":50,"exchange":"NSE"},"putOption":{"open":0.95,"high":1.65,"low":0.7,"close":1.05,"ltp":0.85,"dayChange":-0.20000000000000007,"dayChangePerc":-19.04761904761905,"lowPriceRange":0.05,"highPriceRange":32.05,"volume":3486600,"lowTradeRange":0.05,"highTradeRange":20.85,"totalBuyQty":122100,"totalSellQty":70900,"openInterest":2277,"prevOpenInterest":3288,"lastTradeQty":400,"lastTradeTime":1690950599,"growwContractId":"NIFTY2380318750PE","contractDisplayName":"NIFTY 03 Aug '23 - 18750 Put","longDisplayName":"NIFTY 03 Aug 18750 Put","token":"82847","marketLot":50,"exchange":"NSE"}},{"strikePrice":1880000,"callOption":{"open":841,"high":841,"low":638.7,"close":942.3,"ltp":713.55,"dayChange":-228.75,"dayChangePerc":-24.27570837312958,"lowPriceRange":263.9,"highPriceRange":1614.05,"volume":21250,"lowTradeRange":429.05,"highTradeRange":1001.1,"totalBuyQty":14300,"totalSellQty":11250,"openInterest":153,"prevOpenInterest":418,"lastTradeQty":50,"lastTradeTime":1690950599,"growwContractId":"NIFTY2380318800CE","contractDisplayName":"NIFTY 03 Aug '23 - 18800 Call","longDisplayName":"NIFTY 03 Aug 18800 Call","token":"82848","marketLot":50,"exchange":"NSE"},"putOption":{"open":0.85,"high":1.8,"low":0.75,"close":1.15,"ltp":1,"dayChange":-0.1499999999999999,"dayChangePerc":-13.04347826086956,"lowPriceRange":0.05,"highPriceRange":34.45,"volume":17561950,"lowTradeRange":0.05,"highTradeRange":20.95,"totalBuyQty":249600,"totalSellQty":90350,"openInterest":56664,"prevOpenInterest":47015,"lastTradeQty":800,"lastTradeTime":1690950598,"growwContractId":"NIFTY2380318800PE","contractDisplayName":"NIFTY 03 Aug '23 - 18800 Put","longDisplayName":"NIFTY 03 Aug 18800 Put","token":"82849","marketLot":50,"exchange":"NSE"}},{"strikePrice":1885000,"callOption":{"open":800,"high":800,"low":579.95,"close":899,"ltp":620.6,"dayChange":-278.4,"dayChangePerc":-30.96774193548387,"lowPriceRange":205.6,"highPriceRange":1562.55,"volume":3950,"lowTradeRange":419.5,"highTradeRange":978.75,"totalBuyQty":14250,"totalSellQty":11100,"openInterest":203,"prevOpenInterest":230,"lastTradeQty":50,"lastTradeTime":1690950599,"growwContractId":"NIFTY2380318850CE","contractDisplayName":"NIFTY 03 Aug '23 - 18850 Call","longDisplayName":"NIFTY 03 Aug 18850 Call","token":"82850","marketLot":50,"exchange":"NSE"},"putOption":{"open":0.3,"high":2,"low":0.3,"close":1.15,"ltp":1.15,"dayChange":0,"dayChangePerc":0,"lowPriceRange":0.05,"highPriceRange":36.9,"volume":7306050,"lowTradeRange":0.05,"highTradeRange":20.85,"totalBuyQty":134350,"totalSellQty":54200,"openInterest":9306,"prevOpenInterest":6376,"lastTradeQty":50,"lastTradeTime":1690950599,"growwContractId":"NIFTY2380318850PE","contractDisplayName":"NIFTY 03 Aug '23 - 18850 Put","longDisplayName":"NIFTY 03 Aug 18850 Put","token":"82851","marketLot":50,"exchange":"NSE"}},{"strikePrice":1890000,"callOption":{"open":754.35,"high":754.35,"low":530.4,"close":837.15,"ltp":623.15,"dayChange":-214,"dayChangePerc":-25.562921818073225,"lowPriceRange":80.35,"highPriceRange":1508.85,"volume":17350,"lowTradeRange":373.9,"highTradeRange":872.45,"totalBuyQty":17150,"totalSellQty":15600,"openInterest":126,"prevOpenInterest":171,"lastTradeQty":100,"lastTradeTime":1690950599,"growwContractId":"NIFTY2380318900CE","contractDisplayName":"NIFTY 03 Aug '23 - 18900 Call","longDisplayName":"NIFTY 03 Aug 18900 Call","token":"82852","marketLot":50,"exchange":"NSE"},"putOption":{"open":0.9,"high":2.2,"low":0.85,"close":1.15,"ltp":1,"dayChange":-0.1499999999999999,"dayChangePerc":-13.04347826086956,"lowPriceRange":0.05,"highPriceRange":38.6,"volume":20362200,"lowTradeRange":0.05,"highTradeRange":21,"totalBuyQty":282050,"totalSellQty":125550,"openInterest":44935,"prevOpenInterest":26406,"lastTradeQty":1350,"lastTradeTime":1690950599,"growwContractId":"NIFTY2380318900PE","contractDisplayName":"NIFTY 03 Aug '23 - 18900 Put","longDisplayName":"NIFTY 03 Aug 18900 Put","token":"82853","marketLot":50,"exchange":"NSE"}},{"strikePrice":1895000,"callOption":{"open":648.1,"high":648.1,"low":486.9,"close":795.25,"ltp":575.9,"dayChange":-219.35000000000002,"dayChangePerc":-27.582521219742222,"lowPriceRange":123.7,"highPriceRange":1466.8,"volume":4150,"lowTradeRange":345.55,"highTradeRange":806.3,"totalBuyQty":9350,"totalSellQty":14000,"openInterest":51,"prevOpenInterest":53,"lastTradeQty":100,"lastTradeTime":1690950599,"growwContractId":"NIFTY2380318950CE","contractDisplayName":"NIFTY 03 Aug '23 - 18950 Call","longDisplayName":"NIFTY 03 Aug 18950 Call","token":"82854","marketLot":50,"exchange":"NSE"},"putOption":{"open":1.15,"high":2.55,"low":0.85,"close":1.25,"ltp":1.1,"dayChange":-0.1499999999999999,"dayChangePerc":-11.999999999999993,"lowPriceRange":0.05,"highPriceRange":40.6,"volume":11380200,"lowTradeRange":0.05,"highTradeRange":21,"totalBuyQty":52750,"totalSellQty":66250,"openInterest":10540,"prevOpenInterest":7143,"lastTradeQty":50,"lastTradeTime":1690950599,"growwContractId":"NIFTY2380318950PE","contractDisplayName":"NIFTY 03 Aug '23 - 18950 Put","longDisplayName":"NIFTY 03 Aug 18950 Put","token":"82855","marketLot":50,"exchange":"NSE"}},{"strikePrice":1900000,"callOption":{"open":666.5,"high":666.5,"low":431.5,"close":737.8,"ltp":516,"dayChange":-221.79999999999995,"dayChangePerc":-30.062347519653017,"lowPriceRange":23.5,"highPriceRange":1409.1,"volume":698600,"lowTradeRange":309.8,"highTradeRange":722.85,"totalBuyQty":20700,"totalSellQty":14000,"openInterest":5270,"prevOpenInterest":2507,"lastTradeQty":50,"lastTradeTime":1690950599,"growwContractId":"NIFTY2380319000CE","contractDisplayName":"NIFTY 03 Aug '23 - 19000 Call","longDisplayName":"NIFTY 03 Aug 19000 Call","token":"82856","marketLot":50,"exchange":"NSE"},"putOption":{"open":0.9,"high":3.1,"low":0.9,"close":1.4,"ltp":1.15,"dayChange":-0.25,"dayChangePerc":-17.857142857142858,"lowPriceRange":0.05,"highPriceRange":44.15,"volume":59072350,"lowTradeRange":0.05,"highTradeRange":21.15,"totalBuyQty":2246100,"totalSellQty":138550,"openInterest":168409,"prevOpenInterest":127265,"lastTradeQty":750,"lastTradeTime":1690950599,"growwContractId":"NIFTY2380319000PE","contractDisplayName":"NIFTY 03 Aug '23 - 19000 Put","longDisplayName":"NIFTY 03 Aug 19000 Put","token":"82857","marketLot":50,"exchange":"NSE"}},{"strikePrice":1905000,"callOption":{"open":530,"high":530,"low":385.6,"close":684.55,"ltp":468.4,"dayChange":-216.14999999999998,"dayChangePerc":-31.575487546563437,"lowPriceRange":0.05,"highPriceRange":1355.35,"volume":9600,"lowTradeRange":281.05,"highTradeRange":655.8,"totalBuyQty":18850,"totalSellQty":8850,"openInterest":69,"prevOpenInterest":63,"lastTradeQty":50,"lastTradeTime":1690950599,"growwContractId":"NIFTY2380319050CE","contractDisplayName":"NIFTY 03 Aug '23 - 19050 Call","longDisplayName":"NIFTY 03 Aug 19050 Call","token":"82858","marketLot":50,"exchange":"NSE"},"putOption":{"open":1.4,"high":3.6,"low":1,"close":1.4,"ltp":1.25,"dayChange":-0.1499999999999999,"dayChangePerc":-10.714285714285708,"lowPriceRange":0.05,"highPriceRange":46.4,"volume":21023600,"lowTradeRange":0.05,"highTradeRange":21.25,"totalBuyQty":75450,"totalSellQty":15150,"openInterest":15912,"prevOpenInterest":13233,"lastTradeQty":150,"lastTradeTime":1690950599,"growwContractId":"NIFTY2380319050PE","contractDisplayName":"NIFTY 03 Aug '23 - 19050 Put","longDisplayName":"NIFTY 03 Aug 19050 Put","token":"82859","marketLot":50,"exchange":"NSE"}},{"strikePrice":1910000,"callOption":{"open":580.2,"high":580.2,"low":333,"close":633.45,"ltp":415.35,"dayChange":-218.10000000000002,"dayChangePerc":-34.430499644802275,"lowPriceRange":0.05,"highPriceRange":1303.25,"volume":600600,"lowTradeRange":250.65,"highTradeRange":584.8,"totalBuyQty":89100,"totalSellQty":8250,"openInterest":1257,"prevOpenInterest":806,"lastTradeQty":100,"lastTradeTime":1690950599,"growwContractId":"NIFTY2380319100CE","contractDisplayName":"NIFTY 03 Aug '23 - 19100 Call","longDisplayName":"NIFTY 03 Aug 19100 Call","token":"82860","marketLot":50,"exchange":"NSE"},"putOption":{"open":1.35,"high":4.6,"low":1.1,"close":1.5,"ltp":1.5,"dayChange":0,"dayChangePerc":0,"lowPriceRange":0.05,"highPriceRange":48.9,"volume":57542900,"lowTradeRange":0.05,"highTradeRange":21.35,"totalBuyQty":521600,"totalSellQty":51650,"openInterest":59780,"prevOpenInterest":51421,"lastTradeQty":300,"lastTradeTime":1690950599,"growwContractId":"NIFTY2380319100PE","contractDisplayName":"NIFTY 03 Aug '23 - 19100 Put","longDisplayName":"NIFTY 03 Aug 19100 Put","token":"82861","marketLot":50,"exchange":"NSE"}},{"strikePrice":1915000,"callOption":{"open":535.2,"high":535.2,"low":283.3,"close":588.5,"ltp":366,"dayChange":-222.5,"dayChangePerc":-37.80798640611725,"lowPriceRange":0.05,"highPriceRange":1256.5,"volume":76550,"lowTradeRange":219.6,"highTradeRange":512.4,"totalBuyQty":41300,"totalSellQty":12350,"openInterest":270,"prevOpenInterest":107,"lastTradeQty":50,"lastTradeTime":1690950599,"growwContractId":"NIFTY2380319150CE","contractDisplayName":"NIFTY 03 Aug '23 - 19150 Call","longDisplayName":"NIFTY 03 Aug 19150 Call","token":"82862","marketLot":50,"exchange":"NSE"},"putOption":{"open":1.5,"high":5.7,"low":1.1,"close":1.55,"ltp":1.3,"dayChange":-0.25,"dayChangePerc":-16.129032258064516,"lowPriceRange":0.05,"highPriceRange":53,"volume":37519450,"lowTradeRange":0.05,"highTradeRange":21.35,"totalBuyQty":117500,"totalSellQty":31500,"openInterest":37560,"prevOpenInterest":15304,"lastTradeQty":300,"lastTradeTime":1690950599,"growwContractId":"NIFTY2380319150PE","contractDisplayName":"NIFTY 03 Aug '23 - 19150 Put","longDisplayName":"NIFTY 03 Aug 19150 Put","token":"82863","marketLot":50,"exchange":"NSE"}},{"strikePrice":1920000,"callOption":{"open":476.95,"high":479.1,"low":235.4,"close":537.7,"ltp":315.65,"dayChange":-222.05000000000007,"dayChangePerc":-41.296261856053576,"lowPriceRange":0.05,"highPriceRange":1202.6,"volume":1252400,"lowTradeRange":190.95,"highTradeRange":445.5,"totalBuyQty":41150,"totalSellQty":9350,"openInterest":1434,"prevOpenInterest":1381,"lastTradeQty":50,"lastTradeTime":1690950599,"growwContractId":"NIFTY2380319200CE","contractDisplayName":"NIFTY 03 Aug '23 - 19200 Call","longDisplayName":"NIFTY 03 Aug 19200 Call","token":"82864","marketLot":50,"exchange":"NSE"},"putOption":{"open":1.85,"high":7.95,"low":1.2,"close":1.7,"ltp":1.75,"dayChange":0.050000000000000044,"dayChangePerc":2.941176470588238,"lowPriceRange":0.05,"highPriceRange":58.9,"volume":97116950,"lowTradeRange":0.05,"highTradeRange":21.7,"totalBuyQty":717400,"totalSellQty":183150,"openInterest":103377,"prevOpenInterest":61641,"lastTradeQty":500,"lastTradeTime":1690950599,"growwContractId":"NIFTY2380319200PE","contractDisplayName":"NIFTY 03 Aug '23 - 19200 Put","longDisplayName":"NIFTY 03 Aug 19200 Put","token":"82865","marketLot":50,"exchange":"NSE"}},{"strikePrice":1925000,"callOption":{"open":415.15,"high":415.15,"low":189.6,"close":488.5,"ltp":266.4,"dayChange":-222.10000000000002,"dayChangePerc":-45.46571136131014,"lowPriceRange":0.05,"highPriceRange":1148.3,"volume":928350,"lowTradeRange":161.25,"highTradeRange":376.2,"totalBuyQty":28300,"totalSellQty":8200,"openInterest":706,"prevOpenInterest":231,"lastTradeQty":100,"lastTradeTime":1690950599,"growwContractId":"NIFTY2380319250CE","contractDisplayName":"NIFTY 03 Aug '23 - 19250 Call","longDisplayName":"NIFTY 03 Aug 19250 Call","token":"82866","marketLot":50,"exchange":"NSE"},"putOption":{"open":1.75,"high":11.6,"low":1.4,"close":1.8,"ltp":2.75,"dayChange":0.95,"dayChangePerc":52.77777777777778,"lowPriceRange":0.05,"highPriceRange":65.1,"volume":87204800,"lowTradeRange":0.05,"highTradeRange":22.75,"totalBuyQty":178300,"totalSellQty":160100,"openInterest":58873,"prevOpenInterest":39965,"lastTradeQty":100,"lastTradeTime":1690950599,"growwContractId":"NIFTY2380319250PE","contractDisplayName":"NIFTY 03 Aug '23 - 19250 Put","longDisplayName":"NIFTY 03 Aug 19250 Put","token":"82867","marketLot":50,"exchange":"NSE"}},{"strikePrice":1930000,"callOption":{"open":371,"high":371,"low":146.3,"close":439.85,"ltp":221.15,"dayChange":-218.70000000000002,"dayChangePerc":-49.72149596453336,"lowPriceRange":0.05,"highPriceRange":1091.65,"volume":9810450,"lowTradeRange":132.4,"highTradeRange":308.95,"totalBuyQty":41800,"totalSellQty":28050,"openInterest":5845,"prevOpenInterest":1537,"lastTradeQty":50,"lastTradeTime":1690950599,"growwContractId":"NIFTY2380319300CE","contractDisplayName":"NIFTY 03 Aug '23 - 19300 Call","longDisplayName":"NIFTY 03 Aug 19300 Call","token":"82868","marketLot":50,"exchange":"NSE"},"putOption":{"open":2.55,"high":18.5,"low":2,"close":2.25,"ltp":5.6,"dayChange":3.3499999999999996,"dayChangePerc":148.88888888888886,"lowPriceRange":0.05,"highPriceRange":76.9,"volume":180636000,"lowTradeRange":0.05,"highTradeRange":24.8,"totalBuyQty":447650,"totalSellQty":352700,"openInterest":129998,"prevOpenInterest":104612,"lastTradeQty":100,"lastTradeTime":1690950599,"growwContractId":"NIFTY2380319300PE","contractDisplayName":"NIFTY 03 Aug '23 - 19300 Put","longDisplayName":"NIFTY 03 Aug 19300 Put","token":"82869","marketLot":50,"exchange":"NSE"}},{"strikePrice":1935000,"callOption":{"open":341,"high":341,"low":107.65,"close":391.75,"ltp":173.4,"dayChange":-218.35,"dayChangePerc":-55.737077217613276,"lowPriceRange":0.05,"highPriceRange":1031.65,"volume":9572650,"lowTradeRange":104.7,"highTradeRange":244.3,"totalBuyQty":33900,"totalSellQty":8800,"openInterest":3962,"prevOpenInterest":729,"lastTradeQty":50,"lastTradeTime":1690950599,"growwContractId":"NIFTY2380319350CE","contractDisplayName":"NIFTY 03 Aug '23 - 19350 Call","longDisplayName":"NIFTY 03 Aug 19350 Call","token":"82870","marketLot":50,"exchange":"NSE"},"putOption":{"open":2.5,"high":29.8,"low":2,"close":2.65,"ltp":9,"dayChange":6.35,"dayChangePerc":239.62264150943398,"lowPriceRange":0.05,"highPriceRange":91.5,"volume":163606700,"lowTradeRange":0.05,"highTradeRange":28.25,"totalBuyQty":215250,"totalSellQty":227350,"openInterest":96712,"prevOpenInterest":42996,"lastTradeQty":50,"lastTradeTime":1690950599,"growwContractId":"NIFTY2380319350PE","contractDisplayName":"NIFTY 03 Aug '23 - 19350 Put","longDisplayName":"NIFTY 03 Aug 19350 Put","token":"82871","marketLot":50,"exchange":"NSE"}},{"strikePrice":1940000,"callOption":{"open":282.25,"high":284.15,"low":75.4,"close":340.95,"ltp":130,"dayChange":-210.95,"dayChangePerc":-61.87124211761256,"lowPriceRange":0.05,"highPriceRange":963.8,"volume":61657700,"lowTradeRange":78.85,"highTradeRange":183.9,"totalBuyQty":85300,"totalSellQty":62150,"openInterest":26290,"prevOpenInterest":5235,"lastTradeQty":50,"lastTradeTime":1690950599,"growwContractId":"NIFTY2380319400CE","contractDisplayName":"NIFTY 03 Aug '23 - 19400 Call","longDisplayName":"NIFTY 03 Aug 19400 Call","token":"82872","marketLot":50,"exchange":"NSE"},"putOption":{"open":3.65,"high":47.9,"low":3.65,"close":3.65,"ltp":16.2,"dayChange":12.549999999999999,"dayChangePerc":343.83561643835617,"lowPriceRange":0.05,"highPriceRange":117.85,"volume":278555150,"lowTradeRange":0.05,"highTradeRange":35.25,"totalBuyQty":330700,"totalSellQty":592150,"openInterest":154791,"prevOpenInterest":90460,"lastTradeQty":50,"lastTradeTime":1690950599,"growwContractId":"NIFTY2380319400PE","contractDisplayName":"NIFTY 03 Aug '23 - 19400 Put","longDisplayName":"NIFTY 03 Aug 19400 Put","token":"82873","marketLot":50,"exchange":"NSE"}},{"strikePrice":1945000,"callOption":{"open":238.4,"high":238.4,"low":49.85,"close":293.3,"ltp":92.95,"dayChange":-200.35000000000002,"dayChangePerc":-68.30889873849301,"lowPriceRange":0.05,"highPriceRange":892.95,"volume":94357250,"lowTradeRange":55.65,"highTradeRange":129.85,"totalBuyQty":122000,"totalSellQty":77850,"openInterest":29875,"prevOpenInterest":1357,"lastTradeQty":50,"lastTradeTime":1690950599,"growwContractId":"NIFTY2380319450CE","contractDisplayName":"NIFTY 03 Aug '23 - 19450 Call","longDisplayName":"NIFTY 03 Aug 19450 Call","token":"82874","marketLot":50,"exchange":"NSE"},"putOption":{"open":6,"high":72.45,"low":6,"close":5.1,"ltp":28.35,"dayChange":23.25,"dayChangePerc":455.8823529411765,"lowPriceRange":0.05,"highPriceRange":151.6,"volume":259065950,"lowTradeRange":6.7,"highTradeRange":46.7,"totalBuyQty":256850,"totalSellQty":324950,"openInterest":141275,"prevOpenInterest":71138,"lastTradeQty":50,"lastTradeTime":1690950599,"growwContractId":"NIFTY2380319450PE","contractDisplayName":"NIFTY 03 Aug '23 - 19450 Put","longDisplayName":"NIFTY 03 Aug 19450 Put","token":"82875","marketLot":50,"exchange":"NSE"}},{"strikePrice":1950000,"callOption":{"open":218.25,"high":218.25,"low":31.85,"close":245.25,"ltp":62.3,"dayChange":-182.95,"dayChangePerc":-74.59734964322121,"lowPriceRange":0.05,"highPriceRange":814.8,"volume":257387250,"lowTradeRange":37.2,"highTradeRange":86.75,"totalBuyQty":290550,"totalSellQty":617300,"openInterest":159953,"prevOpenInterest":12008,"lastTradeQty":100,"lastTradeTime":1690950599,"growwContractId":"NIFTY2380319500CE","contractDisplayName":"NIFTY 03 Aug '23 - 19500 Call","longDisplayName":"NIFTY 03 Aug 19500 Call","token":"82876","marketLot":50,"exchange":"NSE"},"putOption":{"open":15.15,"high":104.4,"low":9.35,"close":8.1,"ltp":47,"dayChange":38.9,"dayChangePerc":480.24691358024694,"lowPriceRange":0.05,"highPriceRange":199.75,"volume":377987750,"lowTradeRange":25.65,"highTradeRange":65.65,"totalBuyQty":390050,"totalSellQty":415950,"openInterest":169919,"prevOpenInterest":147851,"lastTradeQty":250,"lastTradeTime":1690950599,"growwContractId":"NIFTY2380319500PE","contractDisplayName":"NIFTY 03 Aug '23 - 19500 Put","longDisplayName":"NIFTY 03 Aug 19500 Put","token":"82877","marketLot":50,"exchange":"NSE"}},{"strikePrice":1955000,"callOption":{"open":160.1,"high":160.1,"low":20.3,"close":200.7,"ltp":39.2,"dayChange":-161.5,"dayChangePerc":-80.46836073741905,"lowPriceRange":0.05,"highPriceRange":733,"volume":212076450,"lowTradeRange":18.9,"highTradeRange":58.9,"totalBuyQty":196650,"totalSellQty":604650,"openInterest":101703,"prevOpenInterest":4292,"lastTradeQty":50,"lastTradeTime":1690950599,"growwContractId":"NIFTY2380319550CE","contractDisplayName":"NIFTY 03 Aug '23 - 19550 Call","longDisplayName":"NIFTY 03 Aug 19550 Call","token":"82878","marketLot":50,"exchange":"NSE"},"putOption":{"open":15.95,"high":142.7,"low":15.95,"close":12.35,"ltp":74.1,"dayChange":61.74999999999999,"dayChangePerc":500,"lowPriceRange":0.05,"highPriceRange":258.95,"volume":229481850,"lowTradeRange":43.4,"highTradeRange":101.25,"totalBuyQty":243150,"totalSellQty":78600,"openInterest":45486,"prevOpenInterest":66683,"lastTradeQty":50,"lastTradeTime":1690950599,"growwContractId":"NIFTY2380319550PE","contractDisplayName":"NIFTY 03 Aug '23 - 19550 Put","longDisplayName":"NIFTY 03 Aug 19550 Put","token":"82879","marketLot":50,"exchange":"NSE"}},{"strikePrice":1960000,"callOption":{"open":130,"high":130.05,"low":13.35,"close":157.8,"ltp":22.9,"dayChange":-134.9,"dayChangePerc":-85.48795944233206,"lowPriceRange":0.05,"highPriceRange":645.8,"volume":328282250,"lowTradeRange":3.05,"highTradeRange":43.05,"totalBuyQty":469700,"totalSellQty":1674500,"openInterest":257055,"prevOpenInterest":39042,"lastTradeQty":200,"lastTradeTime":1690950599,"growwContractId":"NIFTY2380319600CE","contractDisplayName":"NIFTY 03 Aug '23 - 19600 Call","longDisplayName":"NIFTY 03 Aug 19600 Call","token":"82880","marketLot":50,"exchange":"NSE"},"putOption":{"open":26.25,"high":185.6,"low":26.25,"close":19.65,"ltp":108.9,"dayChange":89.25,"dayChangePerc":454.1984732824428,"lowPriceRange":0.05,"highPriceRange":326.55,"volume":270871200,"lowTradeRange":64,"highTradeRange":149.35,"totalBuyQty":336300,"totalSellQty":90750,"openInterest":96986,"prevOpenInterest":195790,"lastTradeQty":50,"lastTradeTime":1690950599,"growwContractId":"NIFTY2380319600PE","contractDisplayName":"NIFTY 03 Aug '23 - 19600 Put","longDisplayName":"NIFTY 03 Aug 19600 Put","token":"82881","marketLot":50,"exchange":"NSE"}},{"strikePrice":1965000,"callOption":{"open":86,"high":86,"low":8.85,"close":118.75,"ltp":12.9,"dayChange":-105.85,"dayChangePerc":-89.13684210526314,"lowPriceRange":0.05,"highPriceRange":556.65,"volume":231853250,"lowTradeRange":0.05,"highTradeRange":32.85,"totalBuyQty":358300,"totalSellQty":1135300,"openInterest":196656,"prevOpenInterest":32878,"lastTradeQty":50,"lastTradeTime":1690950599,"growwContractId":"NIFTY2380319650CE","contractDisplayName":"NIFTY 03 Aug '23 - 19650 Call","longDisplayName":"NIFTY 03 Aug 19650 Call","token":"82882","marketLot":50,"exchange":"NSE"},"putOption":{"open":45.55,"high":231.25,"low":40.45,"close":30.4,"ltp":148.8,"dayChange":118.4,"dayChangePerc":389.47368421052636,"lowPriceRange":0.05,"highPriceRange":400.55,"volume":120953100,"lowTradeRange":88,"highTradeRange":205.35,"totalBuyQty":186900,"totalSellQty":33400,"openInterest":24960,"prevOpenInterest":94381,"lastTradeQty":300,"lastTradeTime":1690950599,"growwContractId":"NIFTY2380319650PE","contractDisplayName":"NIFTY 03 Aug '23 - 19650 Put","longDisplayName":"NIFTY 03 Aug 19650 Put","token":"82883","marketLot":50,"exchange":"NSE"}},{"strikePrice":1970000,"callOption":{"open":50,"high":60,"low":6.4,"close":84.05,"ltp":7.15,"dayChange":-76.89999999999999,"dayChangePerc":-91.49315883402735,"lowPriceRange":0.05,"highPriceRange":467.75,"volume":261074850,"lowTradeRange":0.05,"highTradeRange":27.5,"totalBuyQty":676900,"totalSellQty":1880900,"openInterest":266445,"prevOpenInterest":153548,"lastTradeQty":250,"lastTradeTime":1690950599,"growwContractId":"NIFTY2380319700CE","contractDisplayName":"NIFTY 03 Aug '23 - 19700 Call","longDisplayName":"NIFTY 03 Aug 19700 Call","token":"82884","marketLot":50,"exchange":"NSE"},"putOption":{"open":56.6,"high":278.5,"low":55.55,"close":46.25,"ltp":192,"dayChange":145.75,"dayChangePerc":315.1351351351351,"lowPriceRange":0.05,"highPriceRange":479.9,"volume":111734500,"lowTradeRange":114.75,"highTradeRange":267.7,"totalBuyQty":210400,"totalSellQty":37400,"openInterest":35736,"prevOpenInterest":191822,"lastTradeQty":50,"lastTradeTime":1690950599,"growwContractId":"NIFTY2380319700PE","contractDisplayName":"NIFTY 03 Aug '23 - 19700 Put","longDisplayName":"NIFTY 03 Aug 19700 Put","token":"82885","marketLot":50,"exchange":"NSE"}},{"strikePrice":1975000,"callOption":{"open":34.9,"high":35.65,"low":4.1,"close":56.85,"ltp":4.1,"dayChange":-52.75,"dayChangePerc":-92.78803869832893,"lowPriceRange":0.05,"highPriceRange":384.35,"volume":147761300,"lowTradeRange":0.05,"highTradeRange":24.45,"totalBuyQty":222100,"totalSellQty":890600,"openInterest":207280,"prevOpenInterest":143940,"lastTradeQty":250,"lastTradeTime":1690950599,"growwContractId":"NIFTY2380319750CE","contractDisplayName":"NIFTY 03 Aug '23 - 19750 Call","longDisplayName":"NIFTY 03 Aug 19750 Call","token":"82886","marketLot":50,"exchange":"NSE"},"putOption":{"open":102.1,"high":326.7,"low":90,"close":68.7,"ltp":240.2,"dayChange":171.5,"dayChangePerc":249.6360989810771,"lowPriceRange":0.05,"highPriceRange":563.3,"volume":26521000,"lowTradeRange":143.05,"highTradeRange":333.8,"totalBuyQty":48000,"totalSellQty":12250,"openInterest":11421,"prevOpenInterest":66883,"lastTradeQty":50,"lastTradeTime":1690950598,"growwContractId":"NIFTY2380319750PE","contractDisplayName":"NIFTY 03 Aug '23 - 19750 Put","longDisplayName":"NIFTY 03 Aug 19750 Put","token":"82887","marketLot":50,"exchange":"NSE"}},{"strikePrice":1980000,"callOption":{"open":29.9,"high":31.2,"low":3,"close":36.35,"ltp":3,"dayChange":-33.35,"dayChangePerc":-91.74690508940853,"lowPriceRange":0.05,"highPriceRange":308.15,"volume":170375350,"lowTradeRange":0.05,"highTradeRange":23.15,"totalBuyQty":299000,"totalSellQty":1438300,"openInterest":277444,"prevOpenInterest":271979,"lastTradeQty":50,"lastTradeTime":1690950599,"growwContractId":"NIFTY2380319800CE","contractDisplayName":"NIFTY 03 Aug '23 - 19800 Call","longDisplayName":"NIFTY 03 Aug 19800 Call","token":"82888","marketLot":50,"exchange":"NSE"},"putOption":{"open":155,"high":376,"low":130,"close":98.4,"ltp":288.35,"dayChange":189.95000000000002,"dayChangePerc":193.03861788617886,"lowPriceRange":0.05,"highPriceRange":649,"volume":25545400,"lowTradeRange":171.95,"highTradeRange":401.2,"totalBuyQty":67500,"totalSellQty":31350,"openInterest":26445,"prevOpenInterest":77760,"lastTradeQty":150,"lastTradeTime":1690950599,"growwContractId":"NIFTY2380319800PE","contractDisplayName":"NIFTY 03 Aug '23 - 19800 Put","longDisplayName":"NIFTY 03 Aug 19800 Put","token":"82889","marketLot":50,"exchange":"NSE"}},{"strikePrice":1985000,"callOption":{"open":17,"high":17,"low":2.2,"close":21.65,"ltp":2.2,"dayChange":-19.45,"dayChangePerc":-89.83833718244803,"lowPriceRange":0.05,"highPriceRange":240.65,"volume":105948650,"lowTradeRange":0.05,"highTradeRange":22.45,"totalBuyQty":159050,"totalSellQty":501150,"openInterest":131970,"prevOpenInterest":131876,"lastTradeQty":350,"lastTradeTime":1690950599,"growwContractId":"NIFTY2380319850CE","contractDisplayName":"NIFTY 03 Aug '23 - 19850 Call","longDisplayName":"NIFTY 03 Aug 19850 Call","token":"82890","marketLot":50,"exchange":"NSE"},"putOption":{"open":188.2,"high":425.2,"low":175.05,"close":134,"ltp":336.2,"dayChange":202.2,"dayChangePerc":150.8955223880597,"lowPriceRange":0.05,"highPriceRange":733.8,"volume":3405650,"lowTradeRange":201.4,"highTradeRange":469.85,"totalBuyQty":35350,"totalSellQty":12700,"openInterest":6457,"prevOpenInterest":16453,"lastTradeQty":50,"lastTradeTime":1690950599,"growwContractId":"NIFTY2380319850PE","contractDisplayName":"NIFTY 03 Aug '23 - 19850 Put","longDisplayName":"NIFTY 03 Aug 19850 Put","token":"82891","marketLot":50,"exchange":"NSE"}},{"strikePrice":1990000,"callOption":{"open":8,"high":8.9,"low":1.9,"close":12.25,"ltp":2.05,"dayChange":-10.2,"dayChangePerc":-83.26530612244898,"lowPriceRange":0.05,"highPriceRange":183.3,"volume":116477400,"lowTradeRange":0.05,"highTradeRange":22.1,"totalBuyQty":346050,"totalSellQty":623750,"openInterest":122294,"prevOpenInterest":160610,"lastTradeQty":150,"lastTradeTime":1690950599,"growwContractId":"NIFTY2380319900CE","contractDisplayName":"NIFTY 03 Aug '23 - 19900 Call","longDisplayName":"NIFTY 03 Aug 19900 Call","token":"82892","marketLot":50,"exchange":"NSE"},"putOption":{"open":229,"high":474.3,"low":210.4,"close":174.15,"ltp":387,"dayChange":212.85,"dayChangePerc":122.22222222222221,"lowPriceRange":0.05,"highPriceRange":815.35,"volume":3335450,"lowTradeRange":231.2,"highTradeRange":539.45,"totalBuyQty":44900,"totalSellQty":9750,"openInterest":4563,"prevOpenInterest":12307,"lastTradeQty":200,"lastTradeTime":1690950599,"growwContractId":"NIFTY2380319900PE","contractDisplayName":"NIFTY 03 Aug '23 - 19900 Put","longDisplayName":"NIFTY 03 Aug 19900 Put","token":"82893","marketLot":50,"exchange":"NSE"}},{"strikePrice":1995000,"callOption":{"open":4.9,"high":5.9,"low":1.55,"close":6.5,"ltp":1.6,"dayChange":-4.9,"dayChangePerc":-75.3846153846154,"lowPriceRange":0.05,"highPriceRange":135.85,"volume":57434400,"lowTradeRange":0.05,"highTradeRange":21.8,"totalBuyQty":102650,"totalSellQty":239350,"openInterest":64194,"prevOpenInterest":110192,"lastTradeQty":50,"lastTradeTime":1690950599,"growwContractId":"NIFTY2380319950CE","contractDisplayName":"NIFTY 03 Aug '23 - 19950 Call","longDisplayName":"NIFTY 03 Aug 19950 Call","token":"82894","marketLot":50,"exchange":"NSE"},"putOption":{"open":271.45,"high":524.05,"low":271.45,"close":218.2,"ltp":437.4,"dayChange":219.2,"dayChangePerc":100.45829514207149,"lowPriceRange":0.05,"highPriceRange":892.8,"volume":361300,"lowTradeRange":260.35,"highTradeRange":607.4,"totalBuyQty":31550,"totalSellQty":11700,"openInterest":2158,"prevOpenInterest":3253,"lastTradeQty":50,"lastTradeTime":1690950599,"growwContractId":"NIFTY2380319950PE","contractDisplayName":"NIFTY 03 Aug '23 - 19950 Put","longDisplayName":"NIFTY 03 Aug 19950 Put","token":"82895","marketLot":50,"exchange":"NSE"}},{"strikePrice":2000000,"callOption":{"open":3.3,"high":3.6,"low":1.5,"close":3.7,"ltp":1.65,"dayChange":-2.0500000000000003,"dayChangePerc":-55.4054054054054,"lowPriceRange":0.05,"highPriceRange":98.25,"volume":121236950,"lowTradeRange":0.05,"highTradeRange":21.7,"totalBuyQty":702600,"totalSellQty":278850,"openInterest":214613,"prevOpenInterest":159387,"lastTradeQty":50,"lastTradeTime":1690950599,"growwContractId":"NIFTY2380320000CE","contractDisplayName":"NIFTY 03 Aug '23 - 20000 Call","longDisplayName":"NIFTY 03 Aug 20000 Call","token":"82896","marketLot":50,"exchange":"NSE"},"putOption":{"open":335.1,"high":574,"low":320.15,"close":265.8,"ltp":487.6,"dayChange":221.8,"dayChangePerc":83.44620015048909,"lowPriceRange":0.05,"highPriceRange":966.25,"volume":1093950,"lowTradeRange":290.85,"highTradeRange":678.65,"totalBuyQty":42700,"totalSellQty":13050,"openInterest":5224,"prevOpenInterest":8762,"lastTradeQty":50,"lastTradeTime":1690950599,"growwContractId":"NIFTY2380320000PE","contractDisplayName":"NIFTY 03 Aug '23 - 20000 Put","longDisplayName":"NIFTY 03 Aug 20000 Put","token":"82897","marketLot":50,"exchange":"NSE"}},{"strikePrice":2005000,"callOption":{"open":2.4,"high":3.3,"low":1.4,"close":2.5,"ltp":1.65,"dayChange":-0.8500000000000001,"dayChangePerc":-34,"lowPriceRange":0.05,"highPriceRange":69.3,"volume":37482200,"lowTradeRange":0.05,"highTradeRange":21.55,"totalBuyQty":84650,"totalSellQty":88650,"openInterest":50614,"prevOpenInterest":77271,"lastTradeQty":400,"lastTradeTime":1690950599,"growwContractId":"NIFTY2380320050CE","contractDisplayName":"NIFTY 03 Aug '23 - 20050 Call","longDisplayName":"NIFTY 03 Aug 20050 Call","token":"82898","marketLot":50,"exchange":"NSE"},"putOption":{"open":374.65,"high":620.75,"low":374.6,"close":314.25,"ltp":533.65,"dayChange":219.39999999999998,"dayChangePerc":69.81702466189338,"lowPriceRange":0.05,"highPriceRange":1033.8,"volume":35850,"lowTradeRange":320.15,"highTradeRange":747,"totalBuyQty":19550,"totalSellQty":13300,"openInterest":1019,"prevOpenInterest":1074,"lastTradeQty":50,"lastTradeTime":1690950599,"growwContractId":"NIFTY2380320050PE","contractDisplayName":"NIFTY 03 Aug '23 - 20050 Put","longDisplayName":"NIFTY 03 Aug 20050 Put","token":"82899","marketLot":50,"exchange":"NSE"}},{"strikePrice":2010000,"callOption":{"open":1.9,"high":3,"low":1.2,"close":1.95,"ltp":1.5,"dayChange":-0.44999999999999996,"dayChangePerc":-23.076923076923077,"lowPriceRange":0.05,"highPriceRange":47.6,"volume":67996750,"lowTradeRange":0.05,"highTradeRange":21.4,"totalBuyQty":1099700,"totalSellQty":108250,"openInterest":118795,"prevOpenInterest":106975,"lastTradeQty":50,"lastTradeTime":1690950599,"growwContractId":"NIFTY2380320100CE","contractDisplayName":"NIFTY 03 Aug '23 - 20100 Call","longDisplayName":"NIFTY 03 Aug 20100 Call","token":"82900","marketLot":50,"exchange":"NSE"},"putOption":{"open":435.85,"high":674.1,"low":435.85,"close":364.05,"ltp":584.1,"dayChange":220.05,"dayChangePerc":60.44499381953029,"lowPriceRange":0.05,"highPriceRange":1090.65,"volume":92300,"lowTradeRange":350.5,"highTradeRange":817.75,"totalBuyQty":34200,"totalSellQty":10400,"openInterest":936,"prevOpenInterest":1392,"lastTradeQty":50,"lastTradeTime":1690950599,"growwContractId":"NIFTY2380320100PE","contractDisplayName":"NIFTY 03 Aug '23 - 20100 Put","longDisplayName":"NIFTY 03 Aug 20100 Put","token":"82901","marketLot":50,"exchange":"NSE"}},{"strikePrice":2015000,"callOption":{"open":1.5,"high":2.9,"low":1.2,"close":1.65,"ltp":1.3,"dayChange":-0.34999999999999987,"dayChangePerc":-21.212121212121204,"lowPriceRange":0.05,"highPriceRange":31.7,"volume":22960200,"lowTradeRange":0.05,"highTradeRange":21.4,"totalBuyQty":88100,"totalSellQty":90300,"openInterest":38752,"prevOpenInterest":49174,"lastTradeQty":50,"lastTradeTime":1690950599,"growwContractId":"NIFTY2380320150CE","contractDisplayName":"NIFTY 03 Aug '23 - 20150 Call","longDisplayName":"NIFTY 03 Aug 20150 Call","token":"82902","marketLot":50,"exchange":"NSE"},"putOption":{"open":485.55,"high":703.85,"low":485.55,"close":414.75,"ltp":629.65,"dayChange":214.89999999999998,"dayChangePerc":51.814345991561176,"lowPriceRange":0.05,"highPriceRange":1133.25,"volume":17300,"lowTradeRange":377.6,"highTradeRange":881.05,"totalBuyQty":17850,"totalSellQty":10350,"openInterest":281,"prevOpenInterest":228,"lastTradeQty":200,"lastTradeTime":1690950599,"growwContractId":"NIFTY2380320150PE","contractDisplayName":"NIFTY 03 Aug '23 - 20150 Put","longDisplayName":"NIFTY 03 Aug 20150 Put","token":"82903","marketLot":50,"exchange":"NSE"}},{"strikePrice":2020000,"callOption":{"open":1.05,"high":2.75,"low":1.05,"close":1.6,"ltp":1.15,"dayChange":-0.4500000000000002,"dayChangePerc":-28.12500000000001,"lowPriceRange":0.05,"highPriceRange":20.7,"volume":43991000,"lowTradeRange":0.05,"highTradeRange":21.35,"totalBuyQty":344950,"totalSellQty":119950,"openInterest":105450,"prevOpenInterest":112753,"lastTradeQty":50,"lastTradeTime":1690950599,"growwContractId":"NIFTY2380320200CE","contractDisplayName":"NIFTY 03 Aug '23 - 20200 Call","longDisplayName":"NIFTY 03 Aug 20200 Call","token":"82904","marketLot":50,"exchange":"NSE"},"putOption":{"open":536.95,"high":772.55,"low":536.35,"close":462.1,"ltp":687.1,"dayChange":225,"dayChangePerc":48.69075957584938,"lowPriceRange":0.05,"highPriceRange":1210.45,"volume":74250,"lowTradeRange":411.95,"highTradeRange":961.2,"totalBuyQty":31000,"totalSellQty":11150,"openInterest":2042,"prevOpenInterest":2820,"lastTradeQty":50,"lastTradeTime":1690950599,"growwContractId":"NIFTY2380320200PE","contractDisplayName":"NIFTY 03 Aug '23 - 20200 Put","longDisplayName":"NIFTY 03 Aug 20200 Put","token":"82905","marketLot":50,"exchange":"NSE"}},{"strikePrice":2025000,"callOption":{"open":1.45,"high":2.6,"low":0.9,"close":1.45,"ltp":0.95,"dayChange":-0.5,"dayChangePerc":-34.48275862068966,"lowPriceRange":0.05,"highPriceRange":13.15,"volume":13135200,"lowTradeRange":0.05,"highTradeRange":21.25,"totalBuyQty":81150,"totalSellQty":63350,"openInterest":36192,"prevOpenInterest":42341,"lastTradeQty":50,"lastTradeTime":1690950599,"growwContractId":"NIFTY2380320250CE","contractDisplayName":"NIFTY 03 Aug '23 - 20250 Call","longDisplayName":"NIFTY 03 Aug 20250 Call","token":"82906","marketLot":50,"exchange":"NSE"},"putOption":{"open":590.2,"high":817.1,"low":590.2,"close":511.9,"ltp":725,"dayChange":213.10000000000002,"dayChangePerc":41.62922445790194,"lowPriceRange":0.05,"highPriceRange":1264.05,"volume":6350,"lowTradeRange":435,"highTradeRange":1015,"totalBuyQty":44250,"totalSellQty":14150,"openInterest":235,"prevOpenInterest":216,"lastTradeQty":50,"lastTradeTime":1690950599,"growwContractId":"NIFTY2380320250PE","contractDisplayName":"NIFTY 03 Aug '23 - 20250 Put","longDisplayName":"NIFTY 03 Aug 20250 Put","token":"82907","marketLot":50,"exchange":"NSE"}},{"strikePrice":2030000,"callOption":{"open":1.45,"high":2.5,"low":0.85,"close":1.45,"ltp":1,"dayChange":-0.44999999999999996,"dayChangePerc":-31.034482758620683,"lowPriceRange":0.05,"highPriceRange":8.4,"volume":31092400,"lowTradeRange":0.05,"highTradeRange":21.2,"totalBuyQty":134450,"totalSellQty":82050,"openInterest":102926,"prevOpenInterest":126706,"lastTradeQty":150,"lastTradeTime":1690950599,"growwContractId":"NIFTY2380320300CE","contractDisplayName":"NIFTY 03 Aug '23 - 20300 Call","longDisplayName":"NIFTY 03 Aug 20300 Call","token":"82908","marketLot":50,"exchange":"NSE"},"putOption":{"open":651,"high":864.75,"low":644.05,"close":563,"ltp":778.05,"dayChange":215.04999999999995,"dayChangePerc":38.19715808170514,"lowPriceRange":0.05,"highPriceRange":1303.85,"volume":11150,"lowTradeRange":466.85,"highTradeRange":1089.3,"totalBuyQty":82250,"totalSellQty":14650,"openInterest":384,"prevOpenInterest":510,"lastTradeQty":50,"lastTradeTime":1690950598,"growwContractId":"NIFTY2380320300PE","contractDisplayName":"NIFTY 03 Aug '23 - 20300 Put","longDisplayName":"NIFTY 03 Aug 20300 Put","token":"82909","marketLot":50,"exchange":"NSE"}},{"strikePrice":2035000,"callOption":{"open":1.3,"high":2.35,"low":0.9,"close":1.3,"ltp":1.2,"dayChange":-0.10000000000000009,"dayChangePerc":-7.692307692307699,"lowPriceRange":0.05,"highPriceRange":5.2,"volume":6441600,"lowTradeRange":0.05,"highTradeRange":21.2,"totalBuyQty":71750,"totalSellQty":45500,"openInterest":17787,"prevOpenInterest":23967,"lastTradeQty":150,"lastTradeTime":1690950599,"growwContractId":"NIFTY2380320350CE","contractDisplayName":"NIFTY 03 Aug '23 - 20350 Call","longDisplayName":"NIFTY 03 Aug 20350 Call","token":"82910","marketLot":50,"exchange":"NSE"},"putOption":{"open":0,"high":0,"low":0,"close":611.1,"ltp":611.1,"dayChange":0,"dayChangePerc":0,"lowPriceRange":0.05,"highPriceRange":1366.85,"volume":0,"lowTradeRange":486.1,"highTradeRange":1134.25,"totalBuyQty":39050,"totalSellQty":9650,"openInterest":42,"prevOpenInterest":42,"lastTradeQty":50,"lastTradeTime":1690950599,"growwContractId":"NIFTY2380320350PE","contractDisplayName":"NIFTY 03 Aug '23 - 20350 Put","longDisplayName":"NIFTY 03 Aug 20350 Put","token":"82911","marketLot":50,"exchange":"NSE"}},{"strikePrice":2040000,"callOption":{"open":1.25,"high":2.25,"low":0.85,"close":1.25,"ltp":0.9,"dayChange":-0.35,"dayChangePerc":-27.999999999999996,"lowPriceRange":0.05,"highPriceRange":4.25,"volume":21667750,"lowTradeRange":0.05,"highTradeRange":21,"totalBuyQty":200400,"totalSellQty":42050,"openInterest":74460,"prevOpenInterest":70971,"lastTradeQty":200,"lastTradeTime":1690950599,"growwContractId":"NIFTY2380320400CE","contractDisplayName":"NIFTY 03 Aug '23 - 20400 Call","longDisplayName":"NIFTY 03 Aug 20400 Call","token":"82912","marketLot":50,"exchange":"NSE"},"putOption":{"open":760,"high":918.6,"low":760,"close":661.7,"ltp":898.35,"dayChange":236.64999999999998,"dayChangePerc":35.7639413631555,"lowPriceRange":0.05,"highPriceRange":1418.2,"volume":900,"lowTradeRange":523.1,"highTradeRange":1220.55,"totalBuyQty":219150,"totalSellQty":10350,"openInterest":182,"prevOpenInterest":196,"lastTradeQty":50,"lastTradeTime":1690950599,"growwContractId":"NIFTY2380320400PE","contractDisplayName":"NIFTY 03 Aug '23 - 20400 Put","longDisplayName":"NIFTY 03 Aug 20400 Put","token":"82913","marketLot":50,"exchange":"NSE"}},{"strikePrice":2045000,"callOption":{"open":1.25,"high":2.1,"low":0.9,"close":1.25,"ltp":0.9,"dayChange":-0.35,"dayChangePerc":-27.999999999999996,"lowPriceRange":0.05,"highPriceRange":4.25,"volume":5266450,"lowTradeRange":0.05,"highTradeRange":21.1,"totalBuyQty":41850,"totalSellQty":35550,"openInterest":24088,"prevOpenInterest":27000,"lastTradeQty":50,"lastTradeTime":1690950599,"growwContractId":"NIFTY2380320450CE","contractDisplayName":"NIFTY 03 Aug '23 - 20450 Call","longDisplayName":"NIFTY 03 Aug 20450 Call","token":"82914","marketLot":50,"exchange":"NSE"},"putOption":{"open":984.65,"high":984.65,"low":919.15,"close":718.3,"ltp":919.15,"dayChange":200.85000000000002,"dayChangePerc":27.961854378393436,"lowPriceRange":47.65,"highPriceRange":1414.7,"volume":300,"lowTradeRange":551.5,"highTradeRange":1286.85,"totalBuyQty":9550,"totalSellQty":9650,"openInterest":31,"prevOpenInterest":31,"lastTradeQty":50,"lastTradeTime":1690950599,"growwContractId":"NIFTY2380320450PE","contractDisplayName":"NIFTY 03 Aug '23 - 20450 Put","longDisplayName":"NIFTY 03 Aug 20450 Put","token":"82915","marketLot":50,"exchange":"NSE"}},{"strikePrice":2050000,"callOption":{"open":1.2,"high":2.05,"low":0.85,"close":1.25,"ltp":0.9,"dayChange":-0.35,"dayChangePerc":-27.999999999999996,"lowPriceRange":0.05,"highPriceRange":4.25,"volume":41402850,"lowTradeRange":0.05,"highTradeRange":21.1,"totalBuyQty":647350,"totalSellQty":179650,"openInterest":160610,"prevOpenInterest":175615,"lastTradeQty":100,"lastTradeTime":1690950599,"growwContractId":"NIFTY2380320500CE","contractDisplayName":"NIFTY 03 Aug '23 - 20500 Call","longDisplayName":"NIFTY 03 Aug 20500 Call","token":"82916","marketLot":50,"exchange":"NSE"},"putOption":{"open":823.4,"high":1065,"low":823.4,"close":762.7,"ltp":980,"dayChange":217.29999999999995,"dayChangePerc":28.49088763602989,"lowPriceRange":91.4,"highPriceRange":1509.5,"volume":28800,"lowTradeRange":588,"highTradeRange":1372,"totalBuyQty":14950,"totalSellQty":14450,"openInterest":491,"prevOpenInterest":527,"lastTradeQty":50,"lastTradeTime":1690950599,"growwContractId":"NIFTY2380320500PE","contractDisplayName":"NIFTY 03 Aug '23 - 20500 Put","longDisplayName":"NIFTY 03 Aug 20500 Put","token":"82917","marketLot":50,"exchange":"NSE"}},{"strikePrice":2055000,"callOption":{"open":1.05,"high":1.95,"low":0.65,"close":1.15,"ltp":1,"dayChange":-0.1499999999999999,"dayChangePerc":-13.04347826086956,"lowPriceRange":0.05,"highPriceRange":4.15,"volume":4578950,"lowTradeRange":0.05,"highTradeRange":20.95,"totalBuyQty":191150,"totalSellQty":34650,"openInterest":10154,"prevOpenInterest":11970,"lastTradeQty":100,"lastTradeTime":1690950598,"growwContractId":"NIFTY2380320550CE","contractDisplayName":"NIFTY 03 Aug '23 - 20550 Call","longDisplayName":"NIFTY 03 Aug 20550 Call","token":"82918","marketLot":50,"exchange":"NSE"},"putOption":{"open":0,"high":0,"low":0,"close":759.1,"ltp":808.6,"dayChange":49.5,"dayChangePerc":6.5208799894612035,"lowPriceRange":137.05,"highPriceRange":1565.75,"volume":0,"lowTradeRange":606.1,"highTradeRange":1414.15,"totalBuyQty":10750,"totalSellQty":10600,"openInterest":30,"prevOpenInterest":30,"lastTradeQty":50,"lastTradeTime":1690950598,"growwContractId":"NIFTY2380320550PE","contractDisplayName":"NIFTY 03 Aug '23 - 20550 Put","longDisplayName":"NIFTY 03 Aug 20550 Put","token":"82919","marketLot":50,"exchange":"NSE"}},{"strikePrice":2060000,"callOption":{"open":0.95,"high":1.85,"low":0.7,"close":1,"ltp":1,"dayChange":0,"dayChangePerc":0,"lowPriceRange":0.05,"highPriceRange":4,"volume":15676950,"lowTradeRange":0.05,"highTradeRange":21.05,"totalBuyQty":296700,"totalSellQty":91400,"openInterest":34804,"prevOpenInterest":40470,"lastTradeQty":350,"lastTradeTime":1690950599,"growwContractId":"NIFTY2380320600CE","contractDisplayName":"NIFTY 03 Aug '23 - 20600 Call","longDisplayName":"NIFTY 03 Aug 20600 Call","token":"82920","marketLot":50,"exchange":"NSE"},"putOption":{"open":1055,"high":1080,"low":1055,"close":835.55,"ltp":1080,"dayChange":244.45000000000005,"dayChangePerc":29.25617856501706,"lowPriceRange":186.85,"highPriceRange":1615.75,"volume":300,"lowTradeRange":644.95,"highTradeRange":1504.8,"totalBuyQty":9150,"totalSellQty":9800,"openInterest":36,"prevOpenInterest":37,"lastTradeQty":50,"lastTradeTime":1690950598,"growwContractId":"NIFTY2380320600PE","contractDisplayName":"NIFTY 03 Aug '23 - 20600 Put","longDisplayName":"NIFTY 03 Aug 20600 Put","token":"82921","marketLot":50,"exchange":"NSE"}},{"strikePrice":2065000,"callOption":{"open":0.9,"high":1.8,"low":0.55,"close":0.95,"ltp":0.9,"dayChange":-0.04999999999999993,"dayChangePerc":-5.263157894736835,"lowPriceRange":0.05,"highPriceRange":3.95,"volume":4164250,"lowTradeRange":0.05,"highTradeRange":20.9,"totalBuyQty":179950,"totalSellQty":34450,"openInterest":6646,"prevOpenInterest":5994,"lastTradeQty":50,"lastTradeTime":1690950598,"growwContractId":"NIFTY2380320650CE","contractDisplayName":"NIFTY 03 Aug '23 - 20650 Call","longDisplayName":"NIFTY 03 Aug 20650 Call","token":"82922","marketLot":50,"exchange":"NSE"},"putOption":{"open":0,"high":0,"low":0,"close":937.05,"ltp":937.05,"dayChange":0,"dayChangePerc":0,"lowPriceRange":265.25,"highPriceRange":1608.85,"volume":0,"lowTradeRange":673.25,"highTradeRange":1570.9,"totalBuyQty":9350,"totalSellQty":10050,"openInterest":18,"prevOpenInterest":18,"lastTradeQty":50,"lastTradeTime":1690950598,"growwContractId":"NIFTY2380320650PE","contractDisplayName":"NIFTY 03 Aug '23 - 20650 Put","longDisplayName":"NIFTY 03 Aug 20650 Put","token":"82923","marketLot":50,"exchange":"NSE"}},{"strikePrice":2070000,"callOption":{"open":0.85,"high":1.6,"low":0.55,"close":0.85,"ltp":0.75,"dayChange":-0.09999999999999998,"dayChangePerc":-11.764705882352938,"lowPriceRange":0.05,"highPriceRange":3.85,"volume":13403100,"lowTradeRange":0.05,"highTradeRange":20.85,"totalBuyQty":455900,"totalSellQty":45150,"openInterest":27453,"prevOpenInterest":27834,"lastTradeQty":600,"lastTradeTime":1690950599,"growwContractId":"NIFTY2380320700CE","contractDisplayName":"NIFTY 03 Aug '23 - 20700 Call","longDisplayName":"NIFTY 03 Aug 20700 Call","token":"82924","marketLot":50,"exchange":"NSE"},"putOption":{"open":1052.85,"high":1159,"low":1052.85,"close":1051.6,"ltp":1159,"dayChange":107.40000000000009,"dayChangePerc":10.21300874857361,"lowPriceRange":286.7,"highPriceRange":1715.75,"volume":350,"lowTradeRange":694,"highTradeRange":1619.25,"totalBuyQty":9500,"totalSellQty":10500,"openInterest":22,"prevOpenInterest":21,"lastTradeQty":300,"lastTradeTime":1690950598,"growwContractId":"NIFTY2380320700PE","contractDisplayName":"NIFTY 03 Aug '23 - 20700 Put","longDisplayName":"NIFTY 03 Aug 20700 Put","token":"82925","marketLot":50,"exchange":"NSE"}},{"strikePrice":2075000,"callOption":{"open":0.8,"high":1.6,"low":0.45,"close":0.8,"ltp":0.7,"dayChange":-0.10000000000000009,"dayChangePerc":-12.50000000000001,"lowPriceRange":0.05,"highPriceRange":3.8,"volume":3676600,"lowTradeRange":0.05,"highTradeRange":20.75,"totalBuyQty":165900,"totalSellQty":38450,"openInterest":6973,"prevOpenInterest":7318,"lastTradeQty":50,"lastTradeTime":1690950599,"growwContractId":"NIFTY2380320750CE","contractDisplayName":"NIFTY 03 Aug '23 - 20750 Call","longDisplayName":"NIFTY 03 Aug 20750 Call","token":"82926","marketLot":50,"exchange":"NSE"},"putOption":{"open":0,"high":0,"low":0,"close":1096.85,"ltp":1008.5,"dayChange":-88.34999999999991,"dayChangePerc":-8.054884441810632,"lowPriceRange":336.7,"highPriceRange":1765.75,"volume":0,"lowTradeRange":726.1,"highTradeRange":1694.15,"totalBuyQty":9250,"totalSellQty":8900,"openInterest":4,"prevOpenInterest":4,"lastTradeQty":50,"lastTradeTime":1690950598,"growwContractId":"NIFTY2380320750PE","contractDisplayName":"NIFTY 03 Aug '23 - 20750 Put","longDisplayName":"NIFTY 03 Aug 20750 Put","token":"82927","marketLot":50,"exchange":"NSE"}},{"strikePrice":2080000,"callOption":{"open":0.75,"high":1.55,"low":0.5,"close":0.7,"ltp":0.7,"dayChange":0,"dayChangePerc":0,"lowPriceRange":0.05,"highPriceRange":3.7,"volume":16719650,"lowTradeRange":0.05,"highTradeRange":20.85,"totalBuyQty":510150,"totalSellQty":40750,"openInterest":29283,"prevOpenInterest":53942,"lastTradeQty":1050,"lastTradeTime":1690950598,"growwContractId":"NIFTY2380320800CE","contractDisplayName":"NIFTY 03 Aug '23 - 20800 Call","longDisplayName":"NIFTY 03 Aug 20800 Call","token":"82928","marketLot":50,"exchange":"NSE"},"putOption":{"open":0,"high":0,"low":0,"close":1070.6,"ltp":1070.6,"dayChange":0,"dayChangePerc":0,"lowPriceRange":398.8,"highPriceRange":1762.25,"volume":0,"lowTradeRange":758,"highTradeRange":1768.65,"totalBuyQty":9250,"totalSellQty":8500,"openInterest":44,"prevOpenInterest":44,"lastTradeQty":100,"lastTradeTime":1690950598,"growwContractId":"NIFTY2380320800PE","contractDisplayName":"NIFTY 03 Aug '23 - 20800 Put","longDisplayName":"NIFTY 03 Aug 20800 Put","token":"82929","marketLot":50,"exchange":"NSE"}},{"strikePrice":2085000,"callOption":{"open":0.65,"high":1.45,"low":0.45,"close":0.75,"ltp":0.75,"dayChange":0,"dayChangePerc":0,"lowPriceRange":0.05,"highPriceRange":3.75,"volume":4096850,"lowTradeRange":0.05,"highTradeRange":20.8,"totalBuyQty":113400,"totalSellQty":37900,"openInterest":4803,"prevOpenInterest":2396,"lastTradeQty":50,"lastTradeTime":1690950599,"growwContractId":"NIFTY2380320850CE","contractDisplayName":"NIFTY 03 Aug '23 - 20850 Call","longDisplayName":"NIFTY 03 Aug 20850 Call","token":"82930","marketLot":50,"exchange":"NSE"},"putOption":{"open":0,"high":0,"low":0,"close":1062.3,"ltp":1108.45,"dayChange":46.15000000000009,"dayChangePerc":4.344347171232241,"lowPriceRange":436.65,"highPriceRange":1865.7,"volume":0,"lowTradeRange":786.05,"highTradeRange":1834.1,"totalBuyQty":8600,"totalSellQty":8600,"openInterest":2,"prevOpenInterest":2,"lastTradeQty":100,"lastTradeTime":1690950598,"growwContractId":"NIFTY2380320850PE","contractDisplayName":"NIFTY 03 Aug '23 - 20850 Put","longDisplayName":"NIFTY 03 Aug 20850 Put","token":"82931","marketLot":50,"exchange":"NSE"}},{"strikePrice":2090000,"callOption":{"open":0.7,"high":1.45,"low":0.45,"close":0.75,"ltp":0.6,"dayChange":-0.15000000000000002,"dayChangePerc":-20.000000000000004,"lowPriceRange":0.05,"highPriceRange":3.75,"volume":7585500,"lowTradeRange":0.05,"highTradeRange":20.8,"totalBuyQty":180400,"totalSellQty":37050,"openInterest":8362,"prevOpenInterest":8021,"lastTradeQty":150,"lastTradeTime":1690950599,"growwContractId":"NIFTY2380320900CE","contractDisplayName":"NIFTY 03 Aug '23 - 20900 Call","longDisplayName":"NIFTY 03 Aug 20900 Call","token":"82932","marketLot":50,"exchange":"NSE"},"putOption":{"open":0,"high":0,"low":0,"close":1160.95,"ltp":1158.45,"dayChange":-2.5,"dayChangePerc":-0.21534088462035403,"lowPriceRange":486.65,"highPriceRange":1915.7,"volume":0,"lowTradeRange":816.05,"highTradeRange":1904.1,"totalBuyQty":10050,"totalSellQty":9500,"openInterest":41,"prevOpenInterest":41,"lastTradeQty":50,"lastTradeTime":1690950598,"growwContractId":"NIFTY2380320900PE","contractDisplayName":"NIFTY 03 Aug '23 - 20900 Put","longDisplayName":"NIFTY 03 Aug 20900 Put","token":"82933","marketLot":50,"exchange":"NSE"}},{"strikePrice":2095000,"callOption":{"open":0.7,"high":1.45,"low":0.45,"close":0.7,"ltp":0.6,"dayChange":-0.09999999999999998,"dayChangePerc":-14.285714285714283,"lowPriceRange":0.05,"highPriceRange":3.7,"volume":2081850,"lowTradeRange":0.05,"highTradeRange":20.75,"totalBuyQty":163850,"totalSellQty":36550,"openInterest":3980,"prevOpenInterest":3260,"lastTradeQty":100,"lastTradeTime":1690950599,"growwContractId":"NIFTY2380320950CE","contractDisplayName":"NIFTY 03 Aug '23 - 20950 Call","longDisplayName":"NIFTY 03 Aug 20950 Call","token":"82934","marketLot":50,"exchange":"NSE"},"putOption":{"open":0,"high":0,"low":0,"close":1205.25,"ltp":1208.4,"dayChange":3.150000000000091,"dayChangePerc":0.26135656502801,"lowPriceRange":536.6,"highPriceRange":1965.65,"volume":0,"lowTradeRange":846.05,"highTradeRange":1974.1,"totalBuyQty":8300,"totalSellQty":8250,"openInterest":2,"prevOpenInterest":2,"lastTradeQty":50,"lastTradeTime":1690950598,"growwContractId":"NIFTY2380320950PE","contractDisplayName":"NIFTY 03 Aug '23 - 20950 Put","longDisplayName":"NIFTY 03 Aug 20950 Put","token":"82935","marketLot":50,"exchange":"NSE"}},{"strikePrice":2100000,"callOption":{"open":0.75,"high":1.45,"low":0.55,"close":0.75,"ltp":0.9,"dayChange":0.15000000000000002,"dayChangePerc":20.000000000000004,"lowPriceRange":0.05,"highPriceRange":3.75,"volume":13271000,"lowTradeRange":0.05,"highTradeRange":20.85,"totalBuyQty":593950,"totalSellQty":83000,"openInterest":58315,"prevOpenInterest":55180,"lastTradeQty":100,"lastTradeTime":1690950599,"growwContractId":"NIFTY2380321000CE","contractDisplayName":"NIFTY 03 Aug '23 - 21000 Call","longDisplayName":"NIFTY 03 Aug 21000 Call","token":"82936","marketLot":50,"exchange":"NSE"},"putOption":{"open":1363,"high":1566.65,"low":1363,"close":1266,"ltp":1465.15,"dayChange":199.1500000000001,"dayChangePerc":15.730647709320703,"lowPriceRange":594.2,"highPriceRange":1980.3,"volume":8950,"lowTradeRange":879.1,"highTradeRange":2051.25,"totalBuyQty":14400,"totalSellQty":13650,"openInterest":350,"prevOpenInterest":385,"lastTradeQty":100,"lastTradeTime":1690950599,"growwContractId":"NIFTY2380321000PE","contractDisplayName":"NIFTY 03 Aug '23 - 21000 Put","longDisplayName":"NIFTY 03 Aug 21000 Put","token":"82937","marketLot":50,"exchange":"NSE"}},{"strikePrice":2105000,"callOption":{"open":0.65,"high":1.35,"low":0.45,"close":0.65,"ltp":0.75,"dayChange":0.09999999999999998,"dayChangePerc":15.38461538461538,"lowPriceRange":0.05,"highPriceRange":3.65,"volume":1921900,"lowTradeRange":0.05,"highTradeRange":20.7,"totalBuyQty":98000,"totalSellQty":48250,"openInterest":3051,"prevOpenInterest":2060,"lastTradeQty":100,"lastTradeTime":1690950598,"growwContractId":"NIFTY2380321050CE","contractDisplayName":"NIFTY 03 Aug '23 - 21050 Call","longDisplayName":"NIFTY 03 Aug 21050 Call","token":"82938","marketLot":50,"exchange":"NSE"},"putOption":{"open":0,"high":0,"low":0,"close":1148.25,"ltp":1308.4,"dayChange":160.1500000000001,"dayChangePerc":13.94731112562596,"lowPriceRange":636.6,"highPriceRange":2065.65,"volume":0,"lowTradeRange":906,"highTradeRange":2114,"totalBuyQty":9600,"totalSellQty":8100,"openInterest":0,"prevOpenInterest":0,"lastTradeQty":0,"lastTradeTime":1690950509,"growwContractId":"NIFTY2380321050PE","contractDisplayName":"NIFTY 03 Aug '23 - 21050 Put","longDisplayName":"NIFTY 03 Aug 21050 Put","token":"82939","marketLot":50,"exchange":"NSE"}},{"strikePrice":2110000,"callOption":{"open":0.6,"high":1.35,"low":0.4,"close":0.6,"ltp":0.6,"dayChange":0,"dayChangePerc":0,"lowPriceRange":0.05,"highPriceRange":3.6,"volume":5021000,"lowTradeRange":0.05,"highTradeRange":20.75,"totalBuyQty":389800,"totalSellQty":63150,"openInterest":9850,"prevOpenInterest":8844,"lastTradeQty":500,"lastTradeTime":1690950599,"growwContractId":"NIFTY2380321100CE","contractDisplayName":"NIFTY 03 Aug '23 - 21100 Call","longDisplayName":"NIFTY 03 Aug 21100 Call","token":"82940","marketLot":50,"exchange":"NSE"},"putOption":{"open":0,"high":0,"low":0,"close":2168.7,"ltp":1358.35,"dayChange":-810.3499999999999,"dayChangePerc":-37.36570295568774,"lowPriceRange":686.55,"highPriceRange":2115.6,"volume":0,"lowTradeRange":936,"highTradeRange":2184,"totalBuyQty":9600,"totalSellQty":8100,"openInterest":0,"prevOpenInterest":0,"lastTradeQty":0,"lastTradeTime":1690950596,"growwContractId":"NIFTY2380321100PE","contractDisplayName":"NIFTY 03 Aug '23 - 21100 Put","longDisplayName":"NIFTY 03 Aug 21100 Put","token":"82941","marketLot":50,"exchange":"NSE"}},{"strikePrice":2115000,"callOption":{"open":0.55,"high":1.35,"low":0.45,"close":0.6,"ltp":0.6,"dayChange":0,"dayChangePerc":0,"lowPriceRange":0.05,"highPriceRange":3.6,"volume":1718950,"lowTradeRange":0.05,"highTradeRange":20.75,"totalBuyQty":143300,"totalSellQty":44550,"openInterest":4022,"prevOpenInterest":3601,"lastTradeQty":50,"lastTradeTime":1690950596,"growwContractId":"NIFTY2380321150CE","contractDisplayName":"NIFTY 03 Aug '23 - 21150 Call","longDisplayName":"NIFTY 03 Aug 21150 Call","token":"82942","marketLot":50,"exchange":"NSE"},"putOption":{"open":0,"high":0,"low":0,"close":1479,"ltp":1408.35,"dayChange":-70.65000000000009,"dayChangePerc":-4.776876267748484,"lowPriceRange":736.55,"highPriceRange":2165.6,"volume":0,"lowTradeRange":966,"highTradeRange":2254,"totalBuyQty":9600,"totalSellQty":8100,"openInterest":1,"prevOpenInterest":1,"lastTradeQty":50,"lastTradeTime":1690950505,"growwContractId":"NIFTY2380321150PE","contractDisplayName":"NIFTY 03 Aug '23 - 21150 Put","longDisplayName":"NIFTY 03 Aug 21150 Put","token":"82943","marketLot":50,"exchange":"NSE"}},{"strikePrice":2120000,"callOption":{"open":0.8,"high":1.45,"low":0.6,"close":0.65,"ltp":0.7,"dayChange":0.04999999999999993,"dayChangePerc":7.692307692307682,"lowPriceRange":0.05,"highPriceRange":3.65,"volume":2369900,"lowTradeRange":0.05,"highTradeRange":20.9,"totalBuyQty":302100,"totalSellQty":44000,"openInterest":22866,"prevOpenInterest":16634,"lastTradeQty":50,"lastTradeTime":1690950597,"growwContractId":"NIFTY2380321200CE","contractDisplayName":"NIFTY 03 Aug '23 - 21200 Call","longDisplayName":"NIFTY 03 Aug 21200 Call","token":"82944","marketLot":50,"exchange":"NSE"},"putOption":{"open":0,"high":0,"low":0,"close":2265.4,"ltp":1458.35,"dayChange":-807.0500000000002,"dayChangePerc":-35.625055177893536,"lowPriceRange":786.55,"highPriceRange":2215.6,"volume":0,"lowTradeRange":996,"highTradeRange":2324,"totalBuyQty":9600,"totalSellQty":8100,"openInterest":0,"prevOpenInterest":0,"lastTradeQty":0,"lastTradeTime":1690950596,"growwContractId":"NIFTY2380321200PE","contractDisplayName":"NIFTY 03 Aug '23 - 21200 Put","longDisplayName":"NIFTY 03 Aug 21200 Put","token":"82945","marketLot":50,"exchange":"NSE"}},{"strikePrice":2125000,"callOption":{"open":0.65,"high":1.35,"low":0.6,"close":0.55,"ltp":0.6,"dayChange":0.04999999999999993,"dayChangePerc":9.09090909090908,"lowPriceRange":0.05,"highPriceRange":3.55,"volume":1075700,"lowTradeRange":0.05,"highTradeRange":20.8,"totalBuyQty":169900,"totalSellQty":43050,"openInterest":2931,"prevOpenInterest":1844,"lastTradeQty":50,"lastTradeTime":1690950597,"growwContractId":"NIFTY2380321250CE","contractDisplayName":"NIFTY 03 Aug '23 - 21250 Call","longDisplayName":"NIFTY 03 Aug 21250 Call","token":"82946","marketLot":50,"exchange":"NSE"},"putOption":{"open":0,"high":0,"low":0,"close":2313.95,"ltp":1508.3,"dayChange":-805.6499999999999,"dayChangePerc":-34.81708766395125,"lowPriceRange":836.5,"highPriceRange":2265.55,"volume":0,"lowTradeRange":1026,"highTradeRange":2394,"totalBuyQty":9600,"totalSellQty":8100,"openInterest":0,"prevOpenInterest":0,"lastTradeQty":0,"lastTradeTime":1690950508,"growwContractId":"NIFTY2380321250PE","contractDisplayName":"NIFTY 03 Aug '23 - 21250 Put","longDisplayName":"NIFTY 03 Aug 21250 Put","token":"82947","marketLot":50,"exchange":"NSE"}},{"strikePrice":2130000,"callOption":{"open":0.65,"high":1.45,"low":0.45,"close":0.7,"ltp":0.7,"dayChange":0,"dayChangePerc":0,"lowPriceRange":0.05,"highPriceRange":3.7,"volume":2639250,"lowTradeRange":0.05,"highTradeRange":20.8,"totalBuyQty":286850,"totalSellQty":62250,"openInterest":22666,"prevOpenInterest":20466,"lastTradeQty":100,"lastTradeTime":1690950595,"growwContractId":"NIFTY2380321300CE","contractDisplayName":"NIFTY 03 Aug '23 - 21300 Call","longDisplayName":"NIFTY 03 Aug 21300 Call","token":"82948","marketLot":50,"exchange":"NSE"},"putOption":{"open":0,"high":0,"low":0,"close":2362.55,"ltp":1558.3,"dayChange":-804.2500000000002,"dayChangePerc":-34.041607585024664,"lowPriceRange":886.5,"highPriceRange":2315.55,"volume":0,"lowTradeRange":1056,"highTradeRange":2463.95,"totalBuyQty":9600,"totalSellQty":8100,"openInterest":0,"prevOpenInterest":0,"lastTradeQty":0,"lastTradeTime":1690950596,"growwContractId":"NIFTY2380321300PE","contractDisplayName":"NIFTY 03 Aug '23 - 21300 Put","longDisplayName":"NIFTY 03 Aug 21300 Put","token":"82949","marketLot":50,"exchange":"NSE"}},{"strikePrice":2135000,"callOption":{"open":0.6,"high":1.4,"low":0.45,"close":0.6,"ltp":0.65,"dayChange":0.050000000000000044,"dayChangePerc":8.333333333333341,"lowPriceRange":0.05,"highPriceRange":3.6,"volume":1106000,"lowTradeRange":0.05,"highTradeRange":20.65,"totalBuyQty":172050,"totalSellQty":46150,"openInterest":3351,"prevOpenInterest":6512,"lastTradeQty":100,"lastTradeTime":1690950597,"growwContractId":"NIFTY2380321350CE","contractDisplayName":"NIFTY 03 Aug '23 - 21350 Call","longDisplayName":"NIFTY 03 Aug 21350 Call","token":"82950","marketLot":50,"exchange":"NSE"},"putOption":{"open":0,"high":0,"low":0,"close":2411.3,"ltp":1608.25,"dayChange":-803.0500000000002,"dayChangePerc":-33.30361215941608,"lowPriceRange":936.45,"highPriceRange":2365.5,"volume":0,"lowTradeRange":1086,"highTradeRange":2533.95,"totalBuyQty":9600,"totalSellQty":8100,"openInterest":0,"prevOpenInterest":0,"lastTradeQty":0,"lastTradeTime":1690950598,"growwContractId":"NIFTY2380321350PE","contractDisplayName":"NIFTY 03 Aug '23 - 21350 Put","longDisplayName":"NIFTY 03 Aug 21350 Put","token":"82951","marketLot":50,"exchange":"NSE"}},{"strikePrice":2140000,"callOption":{"open":0.7,"high":1.45,"low":0.55,"close":0.7,"ltp":0.75,"dayChange":0.050000000000000044,"dayChangePerc":7.1428571428571495,"lowPriceRange":0.05,"highPriceRange":3.7,"volume":3710950,"lowTradeRange":0.05,"highTradeRange":20.8,"totalBuyQty":431250,"totalSellQty":63150,"openInterest":25556,"prevOpenInterest":19276,"lastTradeQty":50,"lastTradeTime":1690950599,"growwContractId":"NIFTY2380321400CE","contractDisplayName":"NIFTY 03 Aug '23 - 21400 Call","longDisplayName":"NIFTY 03 Aug 21400 Call","token":"82952","marketLot":50,"exchange":"NSE"},"putOption":{"open":0,"high":0,"low":0,"close":2460.1,"ltp":1658.25,"dayChange":-801.8499999999999,"dayChangePerc":-32.5942034876631,"lowPriceRange":986.45,"highPriceRange":2415.5,"volume":0,"lowTradeRange":1116,"highTradeRange":2603.95,"totalBuyQty":9600,"totalSellQty":8100,"openInterest":0,"prevOpenInterest":0,"lastTradeQty":0,"lastTradeTime":1690950596,"growwContractId":"NIFTY2380321400PE","contractDisplayName":"NIFTY 03 Aug '23 - 21400 Put","longDisplayName":"NIFTY 03 Aug 21400 Put","token":"82953","marketLot":50,"exchange":"NSE"}},{"strikePrice":2145000,"callOption":{"open":0.6,"high":1.3,"low":0.45,"close":0.7,"ltp":0.65,"dayChange":-0.04999999999999993,"dayChangePerc":-7.142857142857134,"lowPriceRange":0.05,"highPriceRange":3.7,"volume":1371900,"lowTradeRange":0.05,"highTradeRange":20.75,"totalBuyQty":143900,"totalSellQty":62350,"openInterest":7406,"prevOpenInterest":7651,"lastTradeQty":50,"lastTradeTime":1690950598,"growwContractId":"NIFTY2380321450CE","contractDisplayName":"NIFTY 03 Aug '23 - 21450 Call","longDisplayName":"NIFTY 03 Aug 21450 Call","token":"82954","marketLot":50,"exchange":"NSE"},"putOption":{"open":0,"high":0,"low":0,"close":2508.95,"ltp":1708.25,"dayChange":-800.6999999999998,"dayChangePerc":-31.91374877936985,"lowPriceRange":1036.45,"highPriceRange":2465.5,"volume":0,"lowTradeRange":1146,"highTradeRange":2673.95,"totalBuyQty":9600,"totalSellQty":8100,"openInterest":0,"prevOpenInterest":0,"lastTradeQty":0,"lastTradeTime":1690950598,"growwContractId":"NIFTY2380321450PE","contractDisplayName":"NIFTY 03 Aug '23 - 21450 Put","longDisplayName":"NIFTY 03 Aug 21450 Put","token":"82955","marketLot":50,"exchange":"NSE"}},{"strikePrice":2150000,"callOption":{"open":0.5,"high":1.35,"low":0.45,"close":0.55,"ltp":0.5,"dayChange":-0.050000000000000044,"dayChangePerc":-9.090909090909099,"lowPriceRange":0.05,"highPriceRange":3.55,"volume":17766800,"lowTradeRange":0.05,"highTradeRange":20.7,"totalBuyQty":1090500,"totalSellQty":443550,"openInterest":76049,"prevOpenInterest":77124,"lastTradeQty":100,"lastTradeTime":1690950599,"growwContractId":"NIFTY2380321500CE","contractDisplayName":"NIFTY 03 Aug '23 - 21500 Call","longDisplayName":"NIFTY 03 Aug 21500 Call","token":"82956","marketLot":50,"exchange":"NSE"},"putOption":{"open":0,"high":0,"low":0,"close":1662.3,"ltp":1758.2,"dayChange":95.90000000000009,"dayChangePerc":5.769115081513571,"lowPriceRange":1086.4,"highPriceRange":2515.45,"volume":0,"lowTradeRange":1176,"highTradeRange":2743.95,"totalBuyQty":12550,"totalSellQty":11050,"openInterest":5,"prevOpenInterest":5,"lastTradeQty":50,"lastTradeTime":1690950598,"growwContractId":"NIFTY2380321500PE","contractDisplayName":"NIFTY 03 Aug '23 - 21500 Put","longDisplayName":"NIFTY 03 Aug 21500 Put","token":"82957","marketLot":50,"exchange":"NSE"}}],"expiryDetailsDto":{"expiryDates":["2023-08-03","2023-08-10","2023-08-17","2023-08-24","2023-08-31","2023-09-28","2023-10-26"],"currentExpiry":"2023-08-03","expiryLotSize":50}}